username|email|tipousuarioId|temaId|operativo|createdAt|updatedAt
vcherrera_7|vcherrera_7@gmail.com|1|1|true|2023-09-24|2023-09-24
jnrivera_18|jnrivera_18@gmail.com|1|1|false|2023-09-24|2023-09-24
mmtorres_79|mmtorres_79@gmail.com|1|1|false|2023-09-24|2023-09-24
alvera_51|alvera_51@gmail.com|1|1|false|2023-09-24|2023-09-24
dmreyes_14|dmreyes_14@gmail.com|1|1|false|2023-09-24|2023-09-24
cjalarcon_12|cjalarcon_12@gmail.com|1|1|false|2023-09-24|2023-09-24
mnreyes_4|mnreyes_4@gmail.com|1|1|false|2023-09-24|2023-09-24
grmartinez_44|grmartinez_44@gmail.com|1|1|false|2023-09-24|2023-09-24
tcgarcia_83|tcgarcia_83@gmail.com|1|1|false|2023-09-24|2023-09-24
bíjimenez_97|bíjimenez_97@gmail.com|1|1|false|2023-09-24|2023-09-24
mfnunez_29|mfnunez_29@gmail.com|1|1|false|2023-09-24|2023-09-24
jcvega_39|jcvega_39@gmail.com|1|1|false|2023-09-24|2023-09-24
jgpena_74|jgpena_74@gmail.com|1|1|false|2023-09-24|2023-09-24
vcmorales_87|vcmorales_87@gmail.com|1|1|false|2023-09-24|2023-09-24
jmpino_78|jmpino_78@gmail.com|1|1|false|2023-09-24|2023-09-24
yavasquez_24|yavasquez_24@gmail.com|1|1|false|2023-09-24|2023-09-24
axramirez_53|axramirez_53@gmail.com|1|1|false|2023-09-24|2023-09-24
isflores_55|isflores_55@gmail.com|1|1|false|2023-09-24|2023-09-24
cbflores_10|cbflores_10@gmail.com|1|1|false|2023-09-24|2023-09-24
rfalvarez_10|rfalvarez_10@gmail.com|1|1|false|2023-09-24|2023-09-24
vkfuentes_88|vkfuentes_88@gmail.com|1|1|false|2023-09-24|2023-09-24
lesandoval_26|lesandoval_26@gmail.com|1|1|false|2023-09-24|2023-09-24
zcaraya_28|zcaraya_28@gmail.com|1|1|false|2023-09-24|2023-09-24
rrfigueroa_75|rrfigueroa_75@gmail.com|1|1|false|2023-09-24|2023-09-24
mntorres_95|mntorres_95@gmail.com|1|1|false|2023-09-24|2023-09-24
mscastillo_18|mscastillo_18@gmail.com|1|1|false|2023-09-24|2023-09-24
ifcastro_74|ifcastro_74@gmail.com|1|1|false|2023-09-24|2023-09-24
ncortega_25|ncortega_25@gmail.com|1|1|false|2023-09-24|2023-09-24
ajherrera_76|ajherrera_76@gmail.com|1|1|false|2023-09-24|2023-09-24
smorellana_73|smorellana_73@gmail.com|1|1|false|2023-09-24|2023-09-24
melopez_24|melopez_24@gmail.com|1|1|false|2023-09-24|2023-09-24
jthernandez_1|jthernandez_1@gmail.com|1|1|false|2023-09-24|2023-09-24
jvpizarro_29|jvpizarro_29@gmail.com|1|1|false|2023-09-24|2023-09-24
vyperez_70|vyperez_70@gmail.com|1|1|false|2023-09-24|2023-09-24
jbrojas_47|jbrojas_47@gmail.com|1|1|false|2023-09-24|2023-09-24
evguerrero_65|evguerrero_65@gmail.com|1|1|false|2023-09-24|2023-09-24
jiacuna_82|jiacuna_82@gmail.com|1|1|false|2023-09-24|2023-09-24
lmlopez_97|lmlopez_97@gmail.com|1|1|false|2023-09-24|2023-09-24
idbravo_91|idbravo_91@gmail.com|1|1|false|2023-09-24|2023-09-24
kydiaz_97|kydiaz_97@gmail.com|1|1|false|2023-09-24|2023-09-24
jrbustamente_81|jrbustamente_81@gmail.com|1|1|false|2023-09-24|2023-09-24
dcvera_89|dcvera_89@gmail.com|1|1|false|2023-09-24|2023-09-24
mcsepulveda_76|mcsepulveda_76@gmail.com|1|1|false|2023-09-24|2023-09-24
ejcaceres_69|ejcaceres_69@gmail.com|1|1|false|2023-09-24|2023-09-24
eopena_66|eopena_66@gmail.com|1|1|false|2023-09-24|2023-09-24
jdtapia_38|jdtapia_38@gmail.com|1|1|false|2023-09-24|2023-09-24
cjcastillo_26|cjcastillo_26@gmail.com|1|1|false|2023-09-24|2023-09-24
nacontreras_57|nacontreras_57@gmail.com|1|1|false|2023-09-24|2023-09-24
ejortiz_91|ejortiz_91@gmail.com|1|1|false|2023-09-24|2023-09-24
selagos_45|selagos_45@gmail.com|1|1|false|2023-09-24|2023-09-24