username|email|tipousuarioId|temaId|operativo|lastLogin|createdAt|updatedAt
fbalarcon_86|fbalarcon_86@gmail.com|2|1|true|null|2023-09-24|2023-09-24
aepino_15|aepino_15@gmail.com|2|1|true|null|2023-09-24|2023-09-24
pjmoreno_12|pjmoreno_12@gmail.com|2|1|true|null|2023-09-24|2023-09-24
lmmoreno_100|lmmoreno_100@gmail.com|2|1|true|null|2023-09-24|2023-09-24
fimunoz_87|fimunoz_87@gmail.com|2|1|true|null|2023-09-24|2023-09-24
tttorres_74|tttorres_74@gmail.com|2|1|true|null|2023-09-24|2023-09-24
hcguzman_2|hcguzman_2@gmail.com|2|1|true|null|2023-09-24|2023-09-24
bjjimenez_1|bjjimenez_1@gmail.com|2|1|true|null|2023-09-24|2023-09-24
llriquelme_94|llriquelme_94@gmail.com|2|1|true|null|2023-09-24|2023-09-24
secarrasco_81|secarrasco_81@gmail.com|2|1|true|null|2023-09-24|2023-09-24
cccastillo_21|cccastillo_21@gmail.com|2|1|true|null|2023-09-24|2023-09-24
vamiranda_84|vamiranda_84@gmail.com|2|1|true|null|2023-09-24|2023-09-24
bbcaceres_11|bbcaceres_11@gmail.com|2|1|true|null|2023-09-24|2023-09-24
mmpalma_65|mmpalma_65@gmail.com|2|1|true|null|2023-09-24|2023-09-24
átsaez_23|átsaez_23@gmail.com|2|1|true|null|2023-09-24|2023-09-24
fpvaldes_53|fpvaldes_53@gmail.com|2|1|true|null|2023-09-24|2023-09-24
niruiz_5|niruiz_5@gmail.com|2|1|true|null|2023-09-24|2023-09-24
caacevedo_85|caacevedo_85@gmail.com|2|1|true|null|2023-09-24|2023-09-24
mehernandez_66|mehernandez_66@gmail.com|2|1|true|null|2023-09-24|2023-09-24
jtrojas_14|jtrojas_14@gmail.com|2|1|true|null|2023-09-24|2023-09-24
saolivares_5|saolivares_5@gmail.com|2|1|true|null|2023-09-24|2023-09-24
aaortiz_26|aaortiz_26@gmail.com|2|1|true|null|2023-09-24|2023-09-24
pmriquelme_56|pmriquelme_56@gmail.com|2|1|true|null|2023-09-24|2023-09-24
rcmiranda_73|rcmiranda_73@gmail.com|2|1|true|null|2023-09-24|2023-09-24
picastillo_40|picastillo_40@gmail.com|2|1|true|null|2023-09-24|2023-09-24
ncgodoy_98|ncgodoy_98@gmail.com|2|1|true|null|2023-09-24|2023-09-24
smaguilera_26|smaguilera_26@gmail.com|2|1|true|null|2023-09-24|2023-09-24
vlnavarrete_25|vlnavarrete_25@gmail.com|2|1|true|null|2023-09-24|2023-09-24
ícrojas_88|ícrojas_88@gmail.com|2|1|true|null|2023-09-24|2023-09-24
lecarrasco_7|lecarrasco_7@gmail.com|2|1|true|null|2023-09-24|2023-09-24
bmrojas_56|bmrojas_56@gmail.com|2|1|true|null|2023-09-24|2023-09-24
lgcastro_2|lgcastro_2@gmail.com|2|1|true|null|2023-09-24|2023-09-24
lmcarvajal_57|lmcarvajal_57@gmail.com|2|1|true|null|2023-09-24|2023-09-24
jlguzman_35|jlguzman_35@gmail.com|2|1|true|null|2023-09-24|2023-09-24
slsalinas_71|slsalinas_71@gmail.com|2|1|true|null|2023-09-24|2023-09-24
tsbustos_89|tsbustos_89@gmail.com|2|1|true|null|2023-09-24|2023-09-24
smgallardo_7|smgallardo_7@gmail.com|2|1|true|null|2023-09-24|2023-09-24
mtgallardo_1|mtgallardo_1@gmail.com|2|1|true|null|2023-09-24|2023-09-24
mevidal_59|mevidal_59@gmail.com|2|1|true|null|2023-09-24|2023-09-24
jlvasquez_57|jlvasquez_57@gmail.com|2|1|true|null|2023-09-24|2023-09-24
ijvargas_76|ijvargas_76@gmail.com|2|1|true|null|2023-09-24|2023-09-24
rvgonzalez_38|rvgonzalez_38@gmail.com|2|1|true|null|2023-09-24|2023-09-24
crvergara_98|crvergara_98@gmail.com|2|1|true|null|2023-09-24|2023-09-24
vxpoblete_11|vxpoblete_11@gmail.com|2|1|true|null|2023-09-24|2023-09-24
jgfarias_48|jgfarias_48@gmail.com|2|1|true|null|2023-09-24|2023-09-24
jmorellana_79|jmorellana_79@gmail.com|2|1|true|null|2023-09-24|2023-09-24
lrvega_26|lrvega_26@gmail.com|2|1|true|null|2023-09-24|2023-09-24
lrflores_80|lrflores_80@gmail.com|2|1|true|null|2023-09-24|2023-09-24
cptorres_26|cptorres_26@gmail.com|2|1|true|null|2023-09-24|2023-09-24
tvgarrido_99|tvgarrido_99@gmail.com|2|1|true|null|2023-09-24|2023-09-24
fcsandoval_69|fcsandoval_69@gmail.com|2|1|true|null|2023-09-24|2023-09-24
ytvaldes_27|ytvaldes_27@gmail.com|2|1|true|null|2023-09-24|2023-09-24
xnpizarro_41|xnpizarro_41@gmail.com|2|1|true|null|2023-09-24|2023-09-24
emfarias_37|emfarias_37@gmail.com|2|1|true|null|2023-09-24|2023-09-24
gcmolina_73|gcmolina_73@gmail.com|2|1|true|null|2023-09-24|2023-09-24
eimolina_29|eimolina_29@gmail.com|2|1|true|null|2023-09-24|2023-09-24
anortega_39|anortega_39@gmail.com|2|1|true|null|2023-09-24|2023-09-24
lmtorres_100|lmtorres_100@gmail.com|2|1|true|null|2023-09-24|2023-09-24
ccgallardo_77|ccgallardo_77@gmail.com|2|1|true|null|2023-09-24|2023-09-24
dlmorales_46|dlmorales_46@gmail.com|2|1|true|null|2023-09-24|2023-09-24
acguzman_53|acguzman_53@gmail.com|2|1|true|null|2023-09-24|2023-09-24
smrivera_22|smrivera_22@gmail.com|2|1|true|null|2023-09-24|2023-09-24
eamunoz_40|eamunoz_40@gmail.com|2|1|true|null|2023-09-24|2023-09-24
bonavarro_81|bonavarro_81@gmail.com|2|1|true|null|2023-09-24|2023-09-24
aapino_44|aapino_44@gmail.com|2|1|true|null|2023-09-24|2023-09-24
ambustamente_41|ambustamente_41@gmail.com|2|1|true|null|2023-09-24|2023-09-24
cipena_83|cipena_83@gmail.com|2|1|true|null|2023-09-24|2023-09-24
cmhernandez_100|cmhernandez_100@gmail.com|2|1|true|null|2023-09-24|2023-09-24
cssalazar_4|cssalazar_4@gmail.com|2|1|true|null|2023-09-24|2023-09-24
ivhernandez_51|ivhernandez_51@gmail.com|2|1|true|null|2023-09-24|2023-09-24
ajflores_66|ajflores_66@gmail.com|2|1|true|null|2023-09-24|2023-09-24
zecarvajal_50|zecarvajal_50@gmail.com|2|1|true|null|2023-09-24|2023-09-24
aalopez_23|aalopez_23@gmail.com|2|1|true|null|2023-09-24|2023-09-24
nmortega_30|nmortega_30@gmail.com|2|1|true|null|2023-09-24|2023-09-24
oljimenez_11|oljimenez_11@gmail.com|2|1|true|null|2023-09-24|2023-09-24
smrojas_5|smrojas_5@gmail.com|2|1|true|null|2023-09-24|2023-09-24
icrojas_3|icrojas_3@gmail.com|2|1|true|null|2023-09-24|2023-09-24
vatapia_10|vatapia_10@gmail.com|2|1|true|null|2023-09-24|2023-09-24
prmolina_37|prmolina_37@gmail.com|2|1|true|null|2023-09-24|2023-09-24
azvenegas_47|azvenegas_47@gmail.com|2|1|true|null|2023-09-24|2023-09-24
nsjara_35|nsjara_35@gmail.com|2|1|true|null|2023-09-24|2023-09-24
bcguerrero_30|bcguerrero_30@gmail.com|2|1|true|null|2023-09-24|2023-09-24
oojara_59|oojara_59@gmail.com|2|1|true|null|2023-09-24|2023-09-24
ímrivera_51|ímrivera_51@gmail.com|2|1|true|null|2023-09-24|2023-09-24
lyfarias_17|lyfarias_17@gmail.com|2|1|true|null|2023-09-24|2023-09-24
zisalazar_30|zisalazar_30@gmail.com|2|1|true|null|2023-09-24|2023-09-24
rivergara_86|rivergara_86@gmail.com|2|1|true|null|2023-09-24|2023-09-24
avherrera_88|avherrera_88@gmail.com|2|1|true|null|2023-09-24|2023-09-24
kjnavarrete_97|kjnavarrete_97@gmail.com|2|1|true|null|2023-09-24|2023-09-24
cssaez_75|cssaez_75@gmail.com|2|1|true|null|2023-09-24|2023-09-24
seacevedo_34|seacevedo_34@gmail.com|2|1|true|null|2023-09-24|2023-09-24
jsbravo_68|jsbravo_68@gmail.com|2|1|true|null|2023-09-24|2023-09-24
veacevedo_68|veacevedo_68@gmail.com|2|1|true|null|2023-09-24|2023-09-24
fajimenez_33|fajimenez_33@gmail.com|2|1|true|null|2023-09-24|2023-09-24
ksfuentes_71|ksfuentes_71@gmail.com|2|1|true|null|2023-09-24|2023-09-24
ensalinas_36|ensalinas_36@gmail.com|2|1|true|null|2023-09-24|2023-09-24
mbzuniga_22|mbzuniga_22@gmail.com|2|1|true|null|2023-09-24|2023-09-24
nrgonzalez_71|nrgonzalez_71@gmail.com|2|1|true|null|2023-09-24|2023-09-24
mgmorales_57|mgmorales_57@gmail.com|2|1|true|null|2023-09-24|2023-09-24
dxtorres_53|dxtorres_53@gmail.com|2|1|true|null|2023-09-24|2023-09-24
rnriquelme_38|rnriquelme_38@gmail.com|2|1|true|null|2023-09-24|2023-09-24
djgodoy_91|djgodoy_91@gmail.com|2|1|true|null|2023-09-24|2023-09-24
jdortega_50|jdortega_50@gmail.com|2|1|true|null|2023-09-24|2023-09-24
xabustamente_30|xabustamente_30@gmail.com|2|1|true|null|2023-09-24|2023-09-24
apsepulveda_45|apsepulveda_45@gmail.com|2|1|true|null|2023-09-24|2023-09-24
laleiva_56|laleiva_56@gmail.com|2|1|true|null|2023-09-24|2023-09-24
lofernandez_56|lofernandez_56@gmail.com|2|1|true|null|2023-09-24|2023-09-24
jbgarrido_47|jbgarrido_47@gmail.com|2|1|true|null|2023-09-24|2023-09-24
mbbustamente_48|mbbustamente_48@gmail.com|2|1|true|null|2023-09-24|2023-09-24
jiaraya_86|jiaraya_86@gmail.com|2|1|true|null|2023-09-24|2023-09-24
xsrivera_43|xsrivera_43@gmail.com|2|1|true|null|2023-09-24|2023-09-24
nsflores_96|nsflores_96@gmail.com|2|1|true|null|2023-09-24|2023-09-24
eemoreno_95|eemoreno_95@gmail.com|2|1|true|null|2023-09-24|2023-09-24
smfarias_89|smfarias_89@gmail.com|2|1|true|null|2023-09-24|2023-09-24  
lsfuentes_89|lsfuentes_89@gmail.com|2|1|true|null|2023-09-24|2023-09-24
bksaavedra_86|bksaavedra_86@gmail.com|2|1|true|null|2023-09-24|2023-09-24
mnaraya_3|mnaraya_3@gmail.com|2|1|true|null|2023-09-24|2023-09-24
mgsalinas_34|mgsalinas_34@gmail.com|2|1|true|null|2023-09-24|2023-09-24
rtcarvajal_92|rtcarvajal_92@gmail.com|2|1|true|null|2023-09-24|2023-09-24
laherrera_26|laherrera_26@gmail.com|2|1|true|null|2023-09-24|2023-09-24
mgleiva_39|mgleiva_39@gmail.com|2|1|true|null|2023-09-24|2023-09-24
cptapia_61|cptapia_61@gmail.com|2|1|true|null|2023-09-24|2023-09-24
sbmunoz_44|sbmunoz_44@gmail.com|2|1|true|null|2023-09-24|2023-09-24
ascampos_49|ascampos_49@gmail.com|2|1|true|null|2023-09-24|2023-09-24
bocaceres_82|bocaceres_82@gmail.com|2|1|true|null|2023-09-24|2023-09-24
bbpino_42|bbpino_42@gmail.com|2|1|true|null|2023-09-24|2023-09-24
cnsilva_19|cnsilva_19@gmail.com|2|1|true|null|2023-09-24|2023-09-24
ddrodriguez_93|ddrodriguez_93@gmail.com|2|1|true|null|2023-09-24|2023-09-24
dvleiva_58|dvleiva_58@gmail.com|2|1|true|null|2023-09-24|2023-09-24
rpalvarado_67|rpalvarado_67@gmail.com|2|1|true|null|2023-09-24|2023-09-24
acmartinez_50|acmartinez_50@gmail.com|2|1|true|null|2023-09-24|2023-09-24
cybravo_38|cybravo_38@gmail.com|2|1|true|null|2023-09-24|2023-09-24
jfriquelme_63|jfriquelme_63@gmail.com|2|1|true|null|2023-09-24|2023-09-24
gialvarado_98|gialvarado_98@gmail.com|2|1|true|null|2023-09-24|2023-09-24
alortiz_85|alortiz_85@gmail.com|2|1|true|null|2023-09-24|2023-09-24
jbzuniga_35|jbzuniga_35@gmail.com|2|1|true|null|2023-09-24|2023-09-24
jdalarcon_33|jdalarcon_33@gmail.com|2|1|true|null|2023-09-24|2023-09-24
ansaavedra_70|ansaavedra_70@gmail.com|2|1|true|null|2023-09-24|2023-09-24
skyanez_97|skyanez_97@gmail.com|2|1|true|null|2023-09-24|2023-09-24
mjfuentes_87|mjfuentes_87@gmail.com|2|1|true|null|2023-09-24|2023-09-24
tbortiz_76|tbortiz_76@gmail.com|2|1|true|null|2023-09-24|2023-09-24
bjcarrasco_42|bjcarrasco_42@gmail.com|2|1|true|null|2023-09-24|2023-09-24
kileiva_43|kileiva_43@gmail.com|2|1|true|null|2023-09-24|2023-09-24
dfgutierrez_35|dfgutierrez_35@gmail.com|2|1|true|null|2023-09-24|2023-09-24
mlruiz_19|mlruiz_19@gmail.com|2|1|true|null|2023-09-24|2023-09-24
cncardenas_41|cncardenas_41@gmail.com|2|1|true|null|2023-09-24|2023-09-24
ipbravo_66|ipbravo_66@gmail.com|2|1|true|null|2023-09-24|2023-09-24
xkolivares_43|xkolivares_43@gmail.com|2|1|true|null|2023-09-24|2023-09-24
fsaguilera_46|fsaguilera_46@gmail.com|2|1|true|null|2023-09-24|2023-09-24
ooalvarez_22|ooalvarez_22@gmail.com|2|1|true|null|2023-09-24|2023-09-24
avcarrasco_93|avcarrasco_93@gmail.com|2|1|true|null|2023-09-24|2023-09-24
hrrivera_56|hrrivera_56@gmail.com|2|1|true|null|2023-09-24|2023-09-24
ylsalinas_46|ylsalinas_46@gmail.com|2|1|true|null|2023-09-24|2023-09-24
sgdiaz_21|sgdiaz_21@gmail.com|2|1|true|null|2023-09-24|2023-09-24
jplopez_87|jplopez_87@gmail.com|2|1|true|null|2023-09-24|2023-09-24
mjmaldonado_55|mjmaldonado_55@gmail.com|2|1|true|null|2023-09-24|2023-09-24
ijguerrero_98|ijguerrero_98@gmail.com|2|1|true|null|2023-09-24|2023-09-24
ijcardenas_6|ijcardenas_6@gmail.com|2|1|true|null|2023-09-24|2023-09-24
jmcaceres_47|jmcaceres_47@gmail.com|2|1|true|null|2023-09-24|2023-09-24
vamolina_57|vamolina_57@gmail.com|2|1|true|null|2023-09-24|2023-09-24
rjnavarrete_39|rjnavarrete_39@gmail.com|2|1|true|null|2023-09-24|2023-09-24
kbguzman_6|kbguzman_6@gmail.com|2|1|true|null|2023-09-24|2023-09-24
dasalinas_77|dasalinas_77@gmail.com|2|1|true|null|2023-09-24|2023-09-24
rivenegas_59|rivenegas_59@gmail.com|2|1|true|null|2023-09-24|2023-09-24
icsanchez_79|icsanchez_79@gmail.com|2|1|true|null|2023-09-24|2023-09-24
fasanchez_40|fasanchez_40@gmail.com|2|1|true|null|2023-09-24|2023-09-24
aabustos_100|aabustos_100@gmail.com|2|1|true|null|2023-09-24|2023-09-24
nmcarrasco_17|nmcarrasco_17@gmail.com|2|1|true|null|2023-09-24|2023-09-24
pggonzalez_80|pggonzalez_80@gmail.com|2|1|true|null|2023-09-24|2023-09-24
aehenriquez_95|aehenriquez_95@gmail.com|2|1|true|null|2023-09-24|2023-09-24
adacuna_27|adacuna_27@gmail.com|2|1|true|null|2023-09-24|2023-09-24
svsaez_15|svsaez_15@gmail.com|2|1|true|null|2023-09-24|2023-09-24
gbtorres_50|gbtorres_50@gmail.com|2|1|true|null|2023-09-24|2023-09-24
psnavarrete_93|psnavarrete_93@gmail.com|2|1|true|null|2023-09-24|2023-09-24
covega_41|covega_41@gmail.com|2|1|true|null|2023-09-24|2023-09-24
otpena_14|otpena_14@gmail.com|2|1|true|null|2023-09-24|2023-09-24
bmrojas_95|bmrojas_95@gmail.com|2|1|true|null|2023-09-24|2023-09-24
cycampos_42|cycampos_42@gmail.com|2|1|true|null|2023-09-24|2023-09-24
jacontreras_46|jacontreras_46@gmail.com|2|1|true|null|2023-09-24|2023-09-24
pavidal_93|pavidal_93@gmail.com|2|1|true|null|2023-09-24|2023-09-24
ijgomez_51|ijgomez_51@gmail.com|2|1|true|null|2023-09-24|2023-09-24
tjgomez_63|tjgomez_63@gmail.com|2|1|true|null|2023-09-24|2023-09-24
jígarrido_88|jígarrido_88@gmail.com|2|1|true|null|2023-09-24|2023-09-24
kevargas_57|kevargas_57@gmail.com|2|1|true|null|2023-09-24|2023-09-24
dbgutierrez_2|dbgutierrez_2@gmail.com|2|1|true|null|2023-09-24|2023-09-24
jmhenriquez_44|jmhenriquez_44@gmail.com|2|1|true|null|2023-09-24|2023-09-24
dícaceres_73|dícaceres_73@gmail.com|2|1|true|null|2023-09-24|2023-09-24
nrdiaz_5|nrdiaz_5@gmail.com|2|1|true|null|2023-09-24|2023-09-24
zigarcia_43|zigarcia_43@gmail.com|2|1|true|null|2023-09-24|2023-09-24
dmsaez_57|dmsaez_57@gmail.com|2|1|true|null|2023-09-24|2023-09-24
amcontreras_30|amcontreras_30@gmail.com|2|1|true|null|2023-09-24|2023-09-24
pemolina_14|pemolina_14@gmail.com|2|1|true|null|2023-09-24|2023-09-24
hrortega_23|hrortega_23@gmail.com|2|1|true|null|2023-09-24|2023-09-24
ndvargas_86|ndvargas_86@gmail.com|2|1|true|null|2023-09-24|2023-09-24
ndflores_62|ndflores_62@gmail.com|2|1|true|null|2023-09-24|2023-09-24
mlcarrasco_27|mlcarrasco_27@gmail.com|2|1|true|null|2023-09-24|2023-09-24
grsandoval_17|grsandoval_17@gmail.com|2|1|true|null|2023-09-24|2023-09-24
zkaguilera_21|zkaguilera_21@gmail.com|2|1|true|null|2023-09-24|2023-09-24
afriquelme_50|afriquelme_50@gmail.com|2|1|true|null|2023-09-24|2023-09-24
rlmoreno_17|rlmoreno_17@gmail.com|2|1|true|null|2023-09-24|2023-09-24
nmacuna_39|nmacuna_39@gmail.com|2|1|true|null|2023-09-24|2023-09-24
nkmoreno_63|nkmoreno_63@gmail.com|2|1|true|null|2023-09-24|2023-09-24
gzrojas_44|gzrojas_44@gmail.com|2|1|true|null|2023-09-24|2023-09-24
eccarrasco_29|eccarrasco_29@gmail.com|2|1|true|null|2023-09-24|2023-09-24
vavergara_96|vavergara_96@gmail.com|2|1|true|null|2023-09-24|2023-09-24
essalinas_15|essalinas_15@gmail.com|2|1|true|null|2023-09-24|2023-09-24
bsparra_29|bsparra_29@gmail.com|2|1|true|null|2023-09-24|2023-09-24
aamiranda_23|aamiranda_23@gmail.com|2|1|true|null|2023-09-24|2023-09-24
cpromero_96|cpromero_96@gmail.com|2|1|true|null|2023-09-24|2023-09-24
mjleiva_23|mjleiva_23@gmail.com|2|1|true|null|2023-09-24|2023-09-24
gjmartinez_32|gjmartinez_32@gmail.com|2|1|true|null|2023-09-24|2023-09-24
enruiz_83|enruiz_83@gmail.com|2|1|true|null|2023-09-24|2023-09-24
lfnavarrete_86|lfnavarrete_86@gmail.com|2|1|true|null|2023-09-24|2023-09-24
kvaraya_12|kvaraya_12@gmail.com|2|1|true|null|2023-09-24|2023-09-24
aenavarro_5|aenavarro_5@gmail.com|2|1|true|null|2023-09-24|2023-09-24
crfarias_62|crfarias_62@gmail.com|2|1|true|null|2023-09-24|2023-09-24
abacevedo_9|abacevedo_9@gmail.com|2|1|true|null|2023-09-24|2023-09-24
sigodoy_13|sigodoy_13@gmail.com|2|1|true|null|2023-09-24|2023-09-24
ypguerrero_83|ypguerrero_83@gmail.com|2|1|true|null|2023-09-24|2023-09-24
vkvasquez_99|vkvasquez_99@gmail.com|2|1|true|null|2023-09-24|2023-09-24
jpsilva_19|jpsilva_19@gmail.com|2|1|true|null|2023-09-24|2023-09-24
fesoto_73|fesoto_73@gmail.com|2|1|true|null|2023-09-24|2023-09-24
mcgallardo_9|mcgallardo_9@gmail.com|2|1|true|null|2023-09-24|2023-09-24
mezuniga_97|mezuniga_97@gmail.com|2|1|true|null|2023-09-24|2023-09-24
zccarrasco_45|zccarrasco_45@gmail.com|2|1|true|null|2023-09-24|2023-09-24
ibmaldonado_65|ibmaldonado_65@gmail.com|2|1|true|null|2023-09-24|2023-09-24
argallardo_17|argallardo_17@gmail.com|2|1|true|null|2023-09-24|2023-09-24
otparra_93|otparra_93@gmail.com|2|1|true|null|2023-09-24|2023-09-24
envenegas_5|envenegas_5@gmail.com|2|1|true|null|2023-09-24|2023-09-24
sxmiranda_19|sxmiranda_19@gmail.com|2|1|true|null|2023-09-24|2023-09-24
atcontreras_32|atcontreras_32@gmail.com|2|1|true|null|2023-09-24|2023-09-24
rjsalinas_59|rjsalinas_59@gmail.com|2|1|true|null|2023-09-24|2023-09-24
ctdonoso_23|ctdonoso_23@gmail.com|2|1|true|null|2023-09-24|2023-09-24
smsilva_44|smsilva_44@gmail.com|2|1|true|null|2023-09-24|2023-09-24
mnfernandez_35|mnfernandez_35@gmail.com|2|1|true|null|2023-09-24|2023-09-24
cvbustos_57|cvbustos_57@gmail.com|2|1|true|null|2023-09-24|2023-09-24
lcmorales_15|lcmorales_15@gmail.com|2|1|true|null|2023-09-24|2023-09-24
iámiranda_88|iámiranda_88@gmail.com|2|1|true|null|2023-09-24|2023-09-24
clvaldes_90|clvaldes_90@gmail.com|2|1|true|null|2023-09-24|2023-09-24
dcperez_47|dcperez_47@gmail.com|2|1|true|null|2023-09-24|2023-09-24
íggodoy_6|íggodoy_6@gmail.com|2|1|true|null|2023-09-24|2023-09-24
movera_95|movera_95@gmail.com|2|1|true|null|2023-09-24|2023-09-24
bafuentes_98|bafuentes_98@gmail.com|2|1|true|null|2023-09-24|2023-09-24
vzalvarado_73|vzalvarado_73@gmail.com|2|1|true|null|2023-09-24|2023-09-24
dscampos_6|dscampos_6@gmail.com|2|1|true|null|2023-09-24|2023-09-24
apvergara_14|apvergara_14@gmail.com|2|1|true|null|2023-09-24|2023-09-24
yyalarcon_34|yyalarcon_34@gmail.com|2|1|true|null|2023-09-24|2023-09-24
rnsandoval_81|rnsandoval_81@gmail.com|2|1|true|null|2023-09-24|2023-09-24
gmnunez_57|gmnunez_57@gmail.com|2|1|true|null|2023-09-24|2023-09-24
hlespinoza_31|hlespinoza_31@gmail.com|2|1|true|null|2023-09-24|2023-09-24
slcortes_45|slcortes_45@gmail.com|2|1|true|null|2023-09-24|2023-09-24
aporellana_21|aporellana_21@gmail.com|2|1|true|null|2023-09-24|2023-09-24
javidal_73|javidal_73@gmail.com|2|1|true|null|2023-09-24|2023-09-24
jmvidal_12|jmvidal_12@gmail.com|2|1|true|null|2023-09-24|2023-09-24
vejimenez_4|vejimenez_4@gmail.com|2|1|true|null|2023-09-24|2023-09-24
ttsanchez_37|ttsanchez_37@gmail.com|2|1|true|null|2023-09-24|2023-09-24
ncpizarro_94|ncpizarro_94@gmail.com|2|1|true|null|2023-09-24|2023-09-24
acguerrero_78|acguerrero_78@gmail.com|2|1|true|null|2023-09-24|2023-09-24
aapena_1|aapena_1@gmail.com|2|1|true|null|2023-09-24|2023-09-24
jlmaldonado_17|jlmaldonado_17@gmail.com|2|1|true|null|2023-09-24|2023-09-24
jbmorales_10|jbmorales_10@gmail.com|2|1|true|null|2023-09-24|2023-09-24
merivera_30|merivera_30@gmail.com|2|1|true|null|2023-09-24|2023-09-24
vkrodriguez_99|vkrodriguez_99@gmail.com|2|1|true|null|2023-09-24|2023-09-24
oggomez_70|oggomez_70@gmail.com|2|1|true|null|2023-09-24|2023-09-24
ecramirez_45|ecramirez_45@gmail.com|2|1|true|null|2023-09-24|2023-09-24
jdpena_9|jdpena_9@gmail.com|2|1|true|null|2023-09-24|2023-09-24
rbpoblete_47|rbpoblete_47@gmail.com|2|1|true|null|2023-09-24|2023-09-24
lamedina_37|lamedina_37@gmail.com|2|1|true|null|2023-09-24|2023-09-24
ramiranda_47|ramiranda_47@gmail.com|2|1|true|null|2023-09-24|2023-09-24
cjgarcia_75|cjgarcia_75@gmail.com|2|1|true|null|2023-09-24|2023-09-24
emaravena_41|emaravena_41@gmail.com|2|1|true|null|2023-09-24|2023-09-24
maortiz_46|maortiz_46@gmail.com|2|1|true|null|2023-09-24|2023-09-24
ccgarrido_31|ccgarrido_31@gmail.com|2|1|true|null|2023-09-24|2023-09-24
ívorellana_95|ívorellana_95@gmail.com|2|1|true|null|2023-09-24|2023-09-24
kaaraya_40|kaaraya_40@gmail.com|2|1|true|null|2023-09-24|2023-09-24
mihernandez_53|mihernandez_53@gmail.com|2|1|true|null|2023-09-24|2023-09-24
jcvergara_47|jcvergara_47@gmail.com|2|1|true|null|2023-09-24|2023-09-24
jemorales_73|jemorales_73@gmail.com|2|1|true|null|2023-09-24|2023-09-24
ctsanhueza_88|ctsanhueza_88@gmail.com|2|1|true|null|2023-09-24|2023-09-24
dmaraya_91|dmaraya_91@gmail.com|2|1|true|null|2023-09-24|2023-09-24
trcontreras_93|trcontreras_93@gmail.com|2|1|true|null|2023-09-24|2023-09-24
ejvera_15|ejvera_15@gmail.com|2|1|true|null|2023-09-24|2023-09-24
lsjara_19|lsjara_19@gmail.com|2|1|true|null|2023-09-24|2023-09-24
mjacuna_77|mjacuna_77@gmail.com|2|1|true|null|2023-09-24|2023-09-24
ceperez_47|ceperez_47@gmail.com|2|1|true|null|2023-09-24|2023-09-24
mnriquelme_53|mnriquelme_53@gmail.com|2|1|true|null|2023-09-24|2023-09-24
zfsaez_58|zfsaez_58@gmail.com|2|1|true|null|2023-09-24|2023-09-24
nfortega_73|nfortega_73@gmail.com|2|1|true|null|2023-09-24|2023-09-24
ddortiz_51|ddortiz_51@gmail.com|2|1|true|null|2023-09-24|2023-09-24
misaez_68|misaez_68@gmail.com|2|1|true|null|2023-09-24|2023-09-24
plgarrido_42|plgarrido_42@gmail.com|2|1|true|null|2023-09-24|2023-09-24
gldiaz_41|gldiaz_41@gmail.com|2|1|true|null|2023-09-24|2023-09-24
damoreno_50|damoreno_50@gmail.com|2|1|true|null|2023-09-24|2023-09-24
sscastillo_63|sscastillo_63@gmail.com|2|1|true|null|2023-09-24|2023-09-24
vecontreras_51|vecontreras_51@gmail.com|2|1|true|null|2023-09-24|2023-09-24
mzguzman_9|mzguzman_9@gmail.com|2|1|true|null|2023-09-24|2023-09-24
sjvidal_31|sjvidal_31@gmail.com|2|1|true|null|2023-09-24|2023-09-24
ajortega_99|ajortega_99@gmail.com|2|1|true|null|2023-09-24|2023-09-24
mmsaez_100|mmsaez_100@gmail.com|2|1|true|null|2023-09-24|2023-09-24
zmalarcon_82|zmalarcon_82@gmail.com|2|1|true|null|2023-09-24|2023-09-24
áfmedina_7|áfmedina_7@gmail.com|2|1|true|null|2023-09-24|2023-09-24
pltorres_94|pltorres_94@gmail.com|2|1|true|null|2023-09-24|2023-09-24
dagonzalez_90|dagonzalez_90@gmail.com|2|1|true|null|2023-09-24|2023-09-24
dmvera_10|dmvera_10@gmail.com|2|1|true|null|2023-09-24|2023-09-24
ddalvarado_39|ddalvarado_39@gmail.com|2|1|true|null|2023-09-24|2023-09-24
majara_29|majara_29@gmail.com|2|1|true|null|2023-09-24|2023-09-24
ipjara_23|ipjara_23@gmail.com|2|1|true|null|2023-09-24|2023-09-24
ecaguilera_43|ecaguilera_43@gmail.com|2|1|true|null|2023-09-24|2023-09-24
catoro_7|catoro_7@gmail.com|2|1|true|null|2023-09-24|2023-09-24
ganavarrete_19|ganavarrete_19@gmail.com|2|1|true|null|2023-09-24|2023-09-24
aápena_22|aápena_22@gmail.com|2|1|true|null|2023-09-24|2023-09-24
ncfarias_83|ncfarias_83@gmail.com|2|1|true|null|2023-09-24|2023-09-24
cjgutierrez_37|cjgutierrez_37@gmail.com|2|1|true|null|2023-09-24|2023-09-24
vrcortes_25|vrcortes_25@gmail.com|2|1|true|null|2023-09-24|2023-09-24
lssepulveda_45|lssepulveda_45@gmail.com|2|1|true|null|2023-09-24|2023-09-24
alramirez_18|alramirez_18@gmail.com|2|1|true|null|2023-09-24|2023-09-24
soalvarado_13|soalvarado_13@gmail.com|2|1|true|null|2023-09-24|2023-09-24
amalarcon_7|amalarcon_7@gmail.com|2|1|true|null|2023-09-24|2023-09-24
cscaceres_23|cscaceres_23@gmail.com|2|1|true|null|2023-09-24|2023-09-24
aysanchez_77|aysanchez_77@gmail.com|2|1|true|null|2023-09-24|2023-09-24
drparra_50|drparra_50@gmail.com|2|1|true|null|2023-09-24|2023-09-24
pdmiranda_74|pdmiranda_74@gmail.com|2|1|true|null|2023-09-24|2023-09-24
yvortiz_94|yvortiz_94@gmail.com|2|1|true|null|2023-09-24|2023-09-24
ccvera_20|ccvera_20@gmail.com|2|1|true|null|2023-09-24|2023-09-24
llvargas_94|llvargas_94@gmail.com|2|1|true|null|2023-09-24|2023-09-24
mngutierrez_5|mngutierrez_5@gmail.com|2|1|true|null|2023-09-24|2023-09-24
brbustamente_69|brbustamente_69@gmail.com|2|1|true|null|2023-09-24|2023-09-24
boalvarado_91|boalvarado_91@gmail.com|2|1|true|null|2023-09-24|2023-09-24
dfsilva_88|dfsilva_88@gmail.com|2|1|true|null|2023-09-24|2023-09-24
rpacuna_22|rpacuna_22@gmail.com|2|1|true|null|2023-09-24|2023-09-24
jglagos_29|jglagos_29@gmail.com|2|1|true|null|2023-09-24|2023-09-24
aavidal_61|aavidal_61@gmail.com|2|1|true|null|2023-09-24|2023-09-24
íovidal_17|íovidal_17@gmail.com|2|1|true|null|2023-09-24|2023-09-24
aiaraya_22|aiaraya_22@gmail.com|2|1|true|null|2023-09-24|2023-09-24
cvmartinez_79|cvmartinez_79@gmail.com|2|1|true|null|2023-09-24|2023-09-24
scorellana_42|scorellana_42@gmail.com|2|1|true|null|2023-09-24|2023-09-24
dfsalinas_71|dfsalinas_71@gmail.com|2|1|true|null|2023-09-24|2023-09-24
srmorales_53|srmorales_53@gmail.com|2|1|true|null|2023-09-24|2023-09-24
ptolivares_54|ptolivares_54@gmail.com|2|1|true|null|2023-09-24|2023-09-24
laramirez_23|laramirez_23@gmail.com|2|1|true|null|2023-09-24|2023-09-24
jcbustamente_79|jcbustamente_79@gmail.com|2|1|true|null|2023-09-24|2023-09-24
assalinas_33|assalinas_33@gmail.com|2|1|true|null|2023-09-24|2023-09-24
njmedina_41|njmedina_41@gmail.com|2|1|true|null|2023-09-24|2023-09-24
prbustos_42|prbustos_42@gmail.com|2|1|true|null|2023-09-24|2023-09-24
eacortes_15|eacortes_15@gmail.com|2|1|true|null|2023-09-24|2023-09-24
bbpizarro_6|bbpizarro_6@gmail.com|2|1|true|null|2023-09-24|2023-09-24
tgcastro_43|tgcastro_43@gmail.com|2|1|true|null|2023-09-24|2023-09-24
bivargas_20|bivargas_20@gmail.com|2|1|true|null|2023-09-24|2023-09-24
jvpalma_55|jvpalma_55@gmail.com|2|1|true|null|2023-09-24|2023-09-24
eohenriquez_53|eohenriquez_53@gmail.com|2|1|true|null|2023-09-24|2023-09-24
rvlagos_24|rvlagos_24@gmail.com|2|1|true|null|2023-09-24|2023-09-24
mlespinoza_21|mlespinoza_21@gmail.com|2|1|true|null|2023-09-24|2023-09-24
jprodriguez_49|jprodriguez_49@gmail.com|2|1|true|null|2023-09-24|2023-09-24
periquelme_13|periquelme_13@gmail.com|2|1|true|null|2023-09-24|2023-09-24
erbravo_16|erbravo_16@gmail.com|2|1|true|null|2023-09-24|2023-09-24
nkcampos_10|nkcampos_10@gmail.com|2|1|true|null|2023-09-24|2023-09-24
ájaraya_60|ájaraya_60@gmail.com|2|1|true|null|2023-09-24|2023-09-24
aevera_59|aevera_59@gmail.com|2|1|true|null|2023-09-24|2023-09-24
kmruiz_90|kmruiz_90@gmail.com|2|1|true|null|2023-09-24|2023-09-24
fmalarcon_15|fmalarcon_15@gmail.com|2|1|true|null|2023-09-24|2023-09-24
cdflores_8|cdflores_8@gmail.com|2|1|true|null|2023-09-24|2023-09-24
ejtoro_39|ejtoro_39@gmail.com|2|1|true|null|2023-09-24|2023-09-24
iiaguilera_5|iiaguilera_5@gmail.com|2|1|true|null|2023-09-24|2023-09-24
rgvasquez_24|rgvasquez_24@gmail.com|2|1|true|null|2023-09-24|2023-09-24
ljcampos_29|ljcampos_29@gmail.com|2|1|true|null|2023-09-24|2023-09-24
xmcortes_2|xmcortes_2@gmail.com|2|1|true|null|2023-09-24|2023-09-24
nácortes_66|nácortes_66@gmail.com|2|1|true|null|2023-09-24|2023-09-24
darojas_47|darojas_47@gmail.com|2|1|true|null|2023-09-24|2023-09-24
gbvera_34|gbvera_34@gmail.com|2|1|true|null|2023-09-24|2023-09-24
memunoz_94|memunoz_94@gmail.com|2|1|true|null|2023-09-24|2023-09-24
ágguzman_97|ágguzman_97@gmail.com|2|1|true|null|2023-09-24|2023-09-24
ofcaceres_60|ofcaceres_60@gmail.com|2|1|true|null|2023-09-24|2023-09-24
imvalenzuela_35|imvalenzuela_35@gmail.com|2|1|true|null|2023-09-24|2023-09-24
cbaguilera_29|cbaguilera_29@gmail.com|2|1|true|null|2023-09-24|2023-09-24
isleiva_71|isleiva_71@gmail.com|2|1|true|null|2023-09-24|2023-09-24
ecvalenzuela_45|ecvalenzuela_45@gmail.com|2|1|true|null|2023-09-24|2023-09-24
deacevedo_45|deacevedo_45@gmail.com|2|1|true|null|2023-09-24|2023-09-24
flfernandez_52|flfernandez_52@gmail.com|2|1|true|null|2023-09-24|2023-09-24
jtmolina_68|jtmolina_68@gmail.com|2|1|true|null|2023-09-24|2023-09-24
eovergara_39|eovergara_39@gmail.com|2|1|true|null|2023-09-24|2023-09-24
erguzman_76|erguzman_76@gmail.com|2|1|true|null|2023-09-24|2023-09-24
mjnunez_9|mjnunez_9@gmail.com|2|1|true|null|2023-09-24|2023-09-24
cgreyes_52|cgreyes_52@gmail.com|2|1|true|null|2023-09-24|2023-09-24
vggomez_78|vggomez_78@gmail.com|2|1|true|null|2023-09-24|2023-09-24
mbescobar_60|mbescobar_60@gmail.com|2|1|true|null|2023-09-24|2023-09-24
djmunoz_3|djmunoz_3@gmail.com|2|1|true|null|2023-09-24|2023-09-24
lrcaceres_26|lrcaceres_26@gmail.com|2|1|true|null|2023-09-24|2023-09-24
fkvega_23|fkvega_23@gmail.com|2|1|true|null|2023-09-24|2023-09-24
rjyanez_73|rjyanez_73@gmail.com|2|1|true|null|2023-09-24|2023-09-24
gcsanhueza_5|gcsanhueza_5@gmail.com|2|1|true|null|2023-09-24|2023-09-24
emsoto_100|emsoto_100@gmail.com|2|1|true|null|2023-09-24|2023-09-24
bapalma_5|bapalma_5@gmail.com|2|1|true|null|2023-09-24|2023-09-24
rdolivares_28|rdolivares_28@gmail.com|2|1|true|null|2023-09-24|2023-09-24
kzrojas_44|kzrojas_44@gmail.com|2|1|true|null|2023-09-24|2023-09-24
gesoto_53|gesoto_53@gmail.com|2|1|true|null|2023-09-24|2023-09-24
gimiranda_42|gimiranda_42@gmail.com|2|1|true|null|2023-09-24|2023-09-24
gxvega_92|gxvega_92@gmail.com|2|1|true|null|2023-09-24|2023-09-24
xgcampos_52|xgcampos_52@gmail.com|2|1|true|null|2023-09-24|2023-09-24
ádmedina_7|ádmedina_7@gmail.com|2|1|true|null|2023-09-24|2023-09-24
vkhenriquez_12|vkhenriquez_12@gmail.com|2|1|true|null|2023-09-24|2023-09-24
casepulveda_31|casepulveda_31@gmail.com|2|1|true|null|2023-09-24|2023-09-24
bgbravo_16|bgbravo_16@gmail.com|2|1|true|null|2023-09-24|2023-09-24
povidal_5|povidal_5@gmail.com|2|1|true|null|2023-09-24|2023-09-24
lcvenegas_72|lcvenegas_72@gmail.com|2|1|true|null|2023-09-24|2023-09-24
argallardo_31|argallardo_31@gmail.com|2|1|true|null|2023-09-24|2023-09-24
njhenriquez_75|njhenriquez_75@gmail.com|2|1|true|null|2023-09-24|2023-09-24
lrbravo_49|lrbravo_49@gmail.com|2|1|true|null|2023-09-24|2023-09-24
mamoreno_44|mamoreno_44@gmail.com|2|1|true|null|2023-09-24|2023-09-24
jlolivares_96|jlolivares_96@gmail.com|2|1|true|null|2023-09-24|2023-09-24
toguerrero_41|toguerrero_41@gmail.com|2|1|true|null|2023-09-24|2023-09-24
dcsepulveda_36|dcsepulveda_36@gmail.com|2|1|true|null|2023-09-24|2023-09-24
bjrodriguez_39|bjrodriguez_39@gmail.com|2|1|true|null|2023-09-24|2023-09-24
jlcardenas_38|jlcardenas_38@gmail.com|2|1|true|null|2023-09-24|2023-09-24
lesepulveda_87|lesepulveda_87@gmail.com|2|1|true|null|2023-09-24|2023-09-24
pncardenas_79|pncardenas_79@gmail.com|2|1|true|null|2023-09-24|2023-09-24
bsherrera_25|bsherrera_25@gmail.com|2|1|true|null|2023-09-24|2023-09-24
aimiranda_77|aimiranda_77@gmail.com|2|1|true|null|2023-09-24|2023-09-24
aeperez_99|aeperez_99@gmail.com|2|1|true|null|2023-09-24|2023-09-24
topoblete_99|topoblete_99@gmail.com|2|1|true|null|2023-09-24|2023-09-24
mksanhueza_52|mksanhueza_52@gmail.com|2|1|true|null|2023-09-24|2023-09-24
obaguilera_79|obaguilera_79@gmail.com|2|1|true|null|2023-09-24|2023-09-24
jarivera_65|jarivera_65@gmail.com|2|1|true|null|2023-09-24|2023-09-24
pdmolina_67|pdmolina_67@gmail.com|2|1|true|null|2023-09-24|2023-09-24
erruiz_96|erruiz_96@gmail.com|2|1|true|null|2023-09-24|2023-09-24
mgortiz_41|mgortiz_41@gmail.com|2|1|true|null|2023-09-24|2023-09-24
ijcaceres_75|ijcaceres_75@gmail.com|2|1|true|null|2023-09-24|2023-09-24
emcampos_20|emcampos_20@gmail.com|2|1|true|null|2023-09-24|2023-09-24
glrivera_52|glrivera_52@gmail.com|2|1|true|null|2023-09-24|2023-09-24
docortes_16|docortes_16@gmail.com|2|1|true|null|2023-09-24|2023-09-24
rlsandoval_6|rlsandoval_6@gmail.com|2|1|true|null|2023-09-24|2023-09-24
memaldonado_18|memaldonado_18@gmail.com|2|1|true|null|2023-09-24|2023-09-24
nefernandez_56|nefernandez_56@gmail.com|2|1|true|null|2023-09-24|2023-09-24
aapena_85|aapena_85@gmail.com|2|1|true|null|2023-09-24|2023-09-24
mmguerrero_20|mmguerrero_20@gmail.com|2|1|true|null|2023-09-24|2023-09-24
mjhenriquez_31|mjhenriquez_31@gmail.com|2|1|true|null|2023-09-24|2023-09-24
aracevedo_81|aracevedo_81@gmail.com|2|1|true|null|2023-09-24|2023-09-24
mvbustamente_64|mvbustamente_64@gmail.com|2|1|true|null|2023-09-24|2023-09-24
iralvarez_32|iralvarez_32@gmail.com|2|1|true|null|2023-09-24|2023-09-24
ffmedina_82|ffmedina_82@gmail.com|2|1|true|null|2023-09-24|2023-09-24
jjlopez_53|jjlopez_53@gmail.com|2|1|true|null|2023-09-24|2023-09-24
alacuna_93|alacuna_93@gmail.com|2|1|true|null|2023-09-24|2023-09-24
lonunez_13|lonunez_13@gmail.com|2|1|true|null|2023-09-24|2023-09-24
njbustos_91|njbustos_91@gmail.com|2|1|true|null|2023-09-24|2023-09-24
emguzman_5|emguzman_5@gmail.com|2|1|true|null|2023-09-24|2023-09-24
gkruiz_98|gkruiz_98@gmail.com|2|1|true|null|2023-09-24|2023-09-24
msbustos_95|msbustos_95@gmail.com|2|1|true|null|2023-09-24|2023-09-24
rcvergara_65|rcvergara_65@gmail.com|2|1|true|null|2023-09-24|2023-09-24
ídcaceres_3|ídcaceres_3@gmail.com|2|1|true|null|2023-09-24|2023-09-24
klriquelme_24|klriquelme_24@gmail.com|2|1|true|null|2023-09-24|2023-09-24
apescobar_62|apescobar_62@gmail.com|2|1|true|null|2023-09-24|2023-09-24
jjorellana_3|jjorellana_3@gmail.com|2|1|true|null|2023-09-24|2023-09-24
tirivera_99|tirivera_99@gmail.com|2|1|true|null|2023-09-24|2023-09-24
vbsanchez_58|vbsanchez_58@gmail.com|2|1|true|null|2023-09-24|2023-09-24
cvjara_17|cvjara_17@gmail.com|2|1|true|null|2023-09-24|2023-09-24
cjgonzalez_25|cjgonzalez_25@gmail.com|2|1|true|null|2023-09-24|2023-09-24
bmdonoso_47|bmdonoso_47@gmail.com|2|1|true|null|2023-09-24|2023-09-24
apruiz_47|apruiz_47@gmail.com|2|1|true|null|2023-09-24|2023-09-24
akvega_93|akvega_93@gmail.com|2|1|true|null|2023-09-24|2023-09-24
vrsoto_45|vrsoto_45@gmail.com|2|1|true|null|2023-09-24|2023-09-24
nfpalma_59|nfpalma_59@gmail.com|2|1|true|null|2023-09-24|2023-09-24
yafigueroa_48|yafigueroa_48@gmail.com|2|1|true|null|2023-09-24|2023-09-24
issilva_4|issilva_4@gmail.com|2|1|true|null|2023-09-24|2023-09-24
alrojas_46|alrojas_46@gmail.com|2|1|true|null|2023-09-24|2023-09-24
vgpalma_5|vgpalma_5@gmail.com|2|1|true|null|2023-09-24|2023-09-24
secarrasco_50|secarrasco_50@gmail.com|2|1|true|null|2023-09-24|2023-09-24
sgmiranda_3|sgmiranda_3@gmail.com|2|1|true|null|2023-09-24|2023-09-24
lvcarrasco_7|lvcarrasco_7@gmail.com|2|1|true|null|2023-09-24|2023-09-24
aaparra_74|aaparra_74@gmail.com|2|1|true|null|2023-09-24|2023-09-24
iccontreras_48|iccontreras_48@gmail.com|2|1|true|null|2023-09-24|2023-09-24
cemaldonado_61|cemaldonado_61@gmail.com|2|1|true|null|2023-09-24|2023-09-24
sgvalenzuela_75|sgvalenzuela_75@gmail.com|2|1|true|null|2023-09-24|2023-09-24
amvasquez_27|amvasquez_27@gmail.com|2|1|true|null|2023-09-24|2023-09-24
ryescobar_89|ryescobar_89@gmail.com|2|1|true|null|2023-09-24|2023-09-24
kihenriquez_85|kihenriquez_85@gmail.com|2|1|true|null|2023-09-24|2023-09-24
dvacuna_42|dvacuna_42@gmail.com|2|1|true|null|2023-09-24|2023-09-24
apmolina_13|apmolina_13@gmail.com|2|1|true|null|2023-09-24|2023-09-24
scvenegas_27|scvenegas_27@gmail.com|2|1|true|null|2023-09-24|2023-09-24
cigarrido_25|cigarrido_25@gmail.com|2|1|true|null|2023-09-24|2023-09-24
nacastro_98|nacastro_98@gmail.com|2|1|true|null|2023-09-24|2023-09-24
kbcardenas_46|kbcardenas_46@gmail.com|2|1|true|null|2023-09-24|2023-09-24
vsvidal_94|vsvidal_94@gmail.com|2|1|true|null|2023-09-24|2023-09-24
ckvasquez_69|ckvasquez_69@gmail.com|2|1|true|null|2023-09-24|2023-09-24
jnaraya_27|jnaraya_27@gmail.com|2|1|true|null|2023-09-24|2023-09-24
sjsaez_47|sjsaez_47@gmail.com|2|1|true|null|2023-09-24|2023-09-24
fealarcon_26|fealarcon_26@gmail.com|2|1|true|null|2023-09-24|2023-09-24
gjmoreno_63|gjmoreno_63@gmail.com|2|1|true|null|2023-09-24|2023-09-24
jevidal_43|jevidal_43@gmail.com|2|1|true|null|2023-09-24|2023-09-24
jzpino_25|jzpino_25@gmail.com|2|1|true|null|2023-09-24|2023-09-24
pljimenez_69|pljimenez_69@gmail.com|2|1|true|null|2023-09-24|2023-09-24
dsgarrido_63|dsgarrido_63@gmail.com|2|1|true|null|2023-09-24|2023-09-24
sdtoro_70|sdtoro_70@gmail.com|2|1|true|null|2023-09-24|2023-09-24
jnrivera_25|jnrivera_25@gmail.com|2|1|true|null|2023-09-24|2023-09-24
picastillo_50|picastillo_50@gmail.com|2|1|true|null|2023-09-24|2023-09-24
xaaraya_52|xaaraya_52@gmail.com|2|1|true|null|2023-09-24|2023-09-24
saacevedo_18|saacevedo_18@gmail.com|2|1|true|null|2023-09-24|2023-09-24
boescobar_25|boescobar_25@gmail.com|2|1|true|null|2023-09-24|2023-09-24
invergara_15|invergara_15@gmail.com|2|1|true|null|2023-09-24|2023-09-24
lavergara_50|lavergara_50@gmail.com|2|1|true|null|2023-09-24|2023-09-24
tkrojas_34|tkrojas_34@gmail.com|2|1|true|null|2023-09-24|2023-09-24
dscastillo_46|dscastillo_46@gmail.com|2|1|true|null|2023-09-24|2023-09-24
msmoreno_96|msmoreno_96@gmail.com|2|1|true|null|2023-09-24|2023-09-24
tealvarado_4|tealvarado_4@gmail.com|2|1|true|null|2023-09-24|2023-09-24
íacarvajal_23|íacarvajal_23@gmail.com|2|1|true|null|2023-09-24|2023-09-24
pcvidal_13|pcvidal_13@gmail.com|2|1|true|null|2023-09-24|2023-09-24
slsandoval_66|slsandoval_66@gmail.com|2|1|true|null|2023-09-24|2023-09-24
sapena_11|sapena_11@gmail.com|2|1|true|null|2023-09-24|2023-09-24
vlgarcia_7|vlgarcia_7@gmail.com|2|1|true|null|2023-09-24|2023-09-24
eafernandez_99|eafernandez_99@gmail.com|2|1|true|null|2023-09-24|2023-09-24
pjmiranda_47|pjmiranda_47@gmail.com|2|1|true|null|2023-09-24|2023-09-24
aatorres_88|aatorres_88@gmail.com|2|1|true|null|2023-09-24|2023-09-24
camedina_38|camedina_38@gmail.com|2|1|true|null|2023-09-24|2023-09-24
gjjimenez_58|gjjimenez_58@gmail.com|2|1|true|null|2023-09-24|2023-09-24
áwmolina_56|áwmolina_56@gmail.com|2|1|true|null|2023-09-24|2023-09-24
rparavena_27|rparavena_27@gmail.com|2|1|true|null|2023-09-24|2023-09-24
eabustos_23|eabustos_23@gmail.com|2|1|true|null|2023-09-24|2023-09-24
cjnavarrete_66|cjnavarrete_66@gmail.com|2|1|true|null|2023-09-24|2023-09-24
fesandoval_20|fesandoval_20@gmail.com|2|1|true|null|2023-09-24|2023-09-24
rialarcon_50|rialarcon_50@gmail.com|2|1|true|null|2023-09-24|2023-09-24
acalarcon_84|acalarcon_84@gmail.com|2|1|true|null|2023-09-24|2023-09-24
aecastro_33|aecastro_33@gmail.com|2|1|true|null|2023-09-24|2023-09-24
skvera_14|skvera_14@gmail.com|2|1|true|null|2023-09-24|2023-09-24
moortiz_25|moortiz_25@gmail.com|2|1|true|null|2023-09-24|2023-09-24
mnsilva_67|mnsilva_67@gmail.com|2|1|true|null|2023-09-24|2023-09-24
gzcaceres_53|gzcaceres_53@gmail.com|2|1|true|null|2023-09-24|2023-09-24
emrojas_43|emrojas_43@gmail.com|2|1|true|null|2023-09-24|2023-09-24
ccgonzalez_13|ccgonzalez_13@gmail.com|2|1|true|null|2023-09-24|2023-09-24
djrodriguez_4|djrodriguez_4@gmail.com|2|1|true|null|2023-09-24|2023-09-24
dmmolina_33|dmmolina_33@gmail.com|2|1|true|null|2023-09-24|2023-09-24
gvdonoso_27|gvdonoso_27@gmail.com|2|1|true|null|2023-09-24|2023-09-24
mdgomez_99|mdgomez_99@gmail.com|2|1|true|null|2023-09-24|2023-09-24
maescobar_88|maescobar_88@gmail.com|2|1|true|null|2023-09-24|2023-09-24
ammedina_77|ammedina_77@gmail.com|2|1|true|null|2023-09-24|2023-09-24
ssgodoy_13|ssgodoy_13@gmail.com|2|1|true|null|2023-09-24|2023-09-24
jralvarado_71|jralvarado_71@gmail.com|2|1|true|null|2023-09-24|2023-09-24
ivbustos_60|ivbustos_60@gmail.com|2|1|true|null|2023-09-24|2023-09-24
tovenegas_18|tovenegas_18@gmail.com|2|1|true|null|2023-09-24|2023-09-24
mgmiranda_77|mgmiranda_77@gmail.com|2|1|true|null|2023-09-24|2023-09-24
papino_32|papino_32@gmail.com|2|1|true|null|2023-09-24|2023-09-24
acsoto_13|acsoto_13@gmail.com|2|1|true|null|2023-09-24|2023-09-24
llortega_9|llortega_9@gmail.com|2|1|true|null|2023-09-24|2023-09-24
ypvega_2|ypvega_2@gmail.com|2|1|true|null|2023-09-24|2023-09-24
pkacevedo_63|pkacevedo_63@gmail.com|2|1|true|null|2023-09-24|2023-09-24
nlacevedo_75|nlacevedo_75@gmail.com|2|1|true|null|2023-09-24|2023-09-24
ggcampos_53|ggcampos_53@gmail.com|2|1|true|null|2023-09-24|2023-09-24
mtalvarado_57|mtalvarado_57@gmail.com|2|1|true|null|2023-09-24|2023-09-24
nzjimenez_5|nzjimenez_5@gmail.com|2|1|true|null|2023-09-24|2023-09-24
krmoreno_17|krmoreno_17@gmail.com|2|1|true|null|2023-09-24|2023-09-24
siperez_78|siperez_78@gmail.com|2|1|true|null|2023-09-24|2023-09-24
mtrodriguez_8|mtrodriguez_8@gmail.com|2|1|true|null|2023-09-24|2023-09-24
ndtapia_46|ndtapia_46@gmail.com|2|1|true|null|2023-09-24|2023-09-24
aevaldes_50|aevaldes_50@gmail.com|2|1|true|null|2023-09-24|2023-09-24
xmalvarez_33|xmalvarez_33@gmail.com|2|1|true|null|2023-09-24|2023-09-24
pppalma_55|pppalma_55@gmail.com|2|1|true|null|2023-09-24|2023-09-24
aapizarro_10|aapizarro_10@gmail.com|2|1|true|null|2023-09-24|2023-09-24
tarivera_43|tarivera_43@gmail.com|2|1|true|null|2023-09-24|2023-09-24
siherrera_73|siherrera_73@gmail.com|2|1|true|null|2023-09-24|2023-09-24
pmacevedo_63|pmacevedo_63@gmail.com|2|1|true|null|2023-09-24|2023-09-24
dcgonzalez_100|dcgonzalez_100@gmail.com|2|1|true|null|2023-09-24|2023-09-24
vvcardenas_19|vvcardenas_19@gmail.com|2|1|true|null|2023-09-24|2023-09-24
avsalinas_24|avsalinas_24@gmail.com|2|1|true|null|2023-09-24|2023-09-24
vxorellana_69|vxorellana_69@gmail.com|2|1|true|null|2023-09-24|2023-09-24
sdsanchez_14|sdsanchez_14@gmail.com|2|1|true|null|2023-09-24|2023-09-24
lcvega_40|lcvega_40@gmail.com|2|1|true|null|2023-09-24|2023-09-24
tngonzalez_59|tngonzalez_59@gmail.com|2|1|true|null|2023-09-24|2023-09-24
jstapia_7|jstapia_7@gmail.com|2|1|true|null|2023-09-24|2023-09-24
meescobar_28|meescobar_28@gmail.com|2|1|true|null|2023-09-24|2023-09-24
jjparra_2|jjparra_2@gmail.com|2|1|true|null|2023-09-24|2023-09-24
mjpizarro_23|mjpizarro_23@gmail.com|2|1|true|null|2023-09-24|2023-09-24
jcfuentes_80|jcfuentes_80@gmail.com|2|1|true|null|2023-09-24|2023-09-24
dmgarcia_32|dmgarcia_32@gmail.com|2|1|true|null|2023-09-24|2023-09-24
ejmunoz_43|ejmunoz_43@gmail.com|2|1|true|null|2023-09-24|2023-09-24
árramirez_1|árramirez_1@gmail.com|2|1|true|null|2023-09-24|2023-09-24
samorales_10|samorales_10@gmail.com|2|1|true|null|2023-09-24|2023-09-24
paleiva_53|paleiva_53@gmail.com|2|1|true|null|2023-09-24|2023-09-24
rwortega_71|rwortega_71@gmail.com|2|1|true|null|2023-09-24|2023-09-24
edcarvajal_10|edcarvajal_10@gmail.com|2|1|true|null|2023-09-24|2023-09-24
jjvalenzuela_2|jjvalenzuela_2@gmail.com|2|1|true|null|2023-09-24|2023-09-24
cariquelme_40|cariquelme_40@gmail.com|2|1|true|null|2023-09-24|2023-09-24
ájcampos_21|ájcampos_21@gmail.com|2|1|true|null|2023-09-24|2023-09-24
macarrasco_17|macarrasco_17@gmail.com|2|1|true|null|2023-09-24|2023-09-24
fjzuniga_73|fjzuniga_73@gmail.com|2|1|true|null|2023-09-24|2023-09-24
apcortes_73|apcortes_73@gmail.com|2|1|true|null|2023-09-24|2023-09-24
hkacuna_5|hkacuna_5@gmail.com|2|1|true|null|2023-09-24|2023-09-24
eacardenas_100|eacardenas_100@gmail.com|2|1|true|null|2023-09-24|2023-09-24
javera_16|javera_16@gmail.com|2|1|true|null|2023-09-24|2023-09-24
ejjimenez_20|ejjimenez_20@gmail.com|2|1|true|null|2023-09-24|2023-09-24
eevega_75|eevega_75@gmail.com|2|1|true|null|2023-09-24|2023-09-24
ecmunoz_7|ecmunoz_7@gmail.com|2|1|true|null|2023-09-24|2023-09-24
gicarrasco_41|gicarrasco_41@gmail.com|2|1|true|null|2023-09-24|2023-09-24
lrmoreno_88|lrmoreno_88@gmail.com|2|1|true|null|2023-09-24|2023-09-24
fjfernandez_8|fjfernandez_8@gmail.com|2|1|true|null|2023-09-24|2023-09-24
jksilva_87|jksilva_87@gmail.com|2|1|true|null|2023-09-24|2023-09-24
yrruiz_75|yrruiz_75@gmail.com|2|1|true|null|2023-09-24|2023-09-24
jrromero_48|jrromero_48@gmail.com|2|1|true|null|2023-09-24|2023-09-24
saespinoza_75|saespinoza_75@gmail.com|2|1|true|null|2023-09-24|2023-09-24
lbsalazar_12|lbsalazar_12@gmail.com|2|1|true|null|2023-09-24|2023-09-24
mptapia_98|mptapia_98@gmail.com|2|1|true|null|2023-09-24|2023-09-24
ancarrasco_93|ancarrasco_93@gmail.com|2|1|true|null|2023-09-24|2023-09-24
japizarro_40|japizarro_40@gmail.com|2|1|true|null|2023-09-24|2023-09-24
ájlopez_78|ájlopez_78@gmail.com|2|1|true|null|2023-09-24|2023-09-24