username|email|tipousuarioId|temaId|operativo|createdAt|updatedAt
pacontreras_46|pacontreras_46@gmail.com|3|1|false|2023-09-24|2023-09-24
pbtorres_26|pbtorres_26@gmail.com|3|1|false|2023-09-24|2023-09-24
jfespinoza_88|jfespinoza_88@gmail.com|3|1|false|2023-09-24|2023-09-24
amcaceres_90|amcaceres_90@gmail.com|3|1|false|2023-09-24|2023-09-24
ajcarvajal_38|ajcarvajal_38@gmail.com|3|1|false|2023-09-24|2023-09-24
zftorres_38|zftorres_38@gmail.com|3|1|false|2023-09-24|2023-09-24
mrguzman_3|mrguzman_3@gmail.com|3|1|false|2023-09-24|2023-09-24
dmfarias_44|dmfarias_44@gmail.com|3|1|false|2023-09-24|2023-09-24
rrriquelme_89|rrriquelme_89@gmail.com|3|1|false|2023-09-24|2023-09-24
pearavena_49|pearavena_49@gmail.com|3|1|false|2023-09-24|2023-09-24
rarojas_9|rarojas_9@gmail.com|3|1|false|2023-09-24|2023-09-24
mrmolina_33|mrmolina_33@gmail.com|3|1|false|2023-09-24|2023-09-24
ecpoblete_45|ecpoblete_45@gmail.com|3|1|false|2023-09-24|2023-09-24
pscastro_44|pscastro_44@gmail.com|3|1|false|2023-09-24|2023-09-24
aareyes_88|aareyes_88@gmail.com|3|1|false|2023-09-24|2023-09-24
edvaldes_41|edvaldes_41@gmail.com|3|1|false|2023-09-24|2023-09-24
mbruiz_86|mbruiz_86@gmail.com|3|1|false|2023-09-24|2023-09-24
javera_72|javera_72@gmail.com|3|1|false|2023-09-24|2023-09-24
vctoro_96|vctoro_96@gmail.com|3|1|false|2023-09-24|2023-09-24
xlsepulveda_45|xlsepulveda_45@gmail.com|3|1|false|2023-09-24|2023-09-24
bcleiva_45|bcleiva_45@gmail.com|3|1|false|2023-09-24|2023-09-24
dvcarvajal_19|dvcarvajal_19@gmail.com|3|1|false|2023-09-24|2023-09-24
anriquelme_43|anriquelme_43@gmail.com|3|1|false|2023-09-24|2023-09-24
egmiranda_33|egmiranda_33@gmail.com|3|1|false|2023-09-24|2023-09-24
rjcastillo_98|rjcastillo_98@gmail.com|3|1|false|2023-09-24|2023-09-24
vmzuniga_44|vmzuniga_44@gmail.com|3|1|false|2023-09-24|2023-09-24
lsaguilera_31|lsaguilera_31@gmail.com|3|1|false|2023-09-24|2023-09-24
amnavarrete_31|amnavarrete_31@gmail.com|3|1|false|2023-09-24|2023-09-24
mlrodriguez_33|mlrodriguez_33@gmail.com|3|1|false|2023-09-24|2023-09-24
bscarrasco_50|bscarrasco_50@gmail.com|3|1|false|2023-09-24|2023-09-24
akespinoza_54|akespinoza_54@gmail.com|3|1|false|2023-09-24|2023-09-24
vafuentes_70|vafuentes_70@gmail.com|3|1|false|2023-09-24|2023-09-24
iaaraya_4|iaaraya_4@gmail.com|3|1|false|2023-09-24|2023-09-24
fpguzman_18|fpguzman_18@gmail.com|3|1|false|2023-09-24|2023-09-24
ífsalinas_53|ífsalinas_53@gmail.com|3|1|false|2023-09-24|2023-09-24
nczuniga_1|nczuniga_1@gmail.com|3|1|false|2023-09-24|2023-09-24
bfortega_58|bfortega_58@gmail.com|3|1|false|2023-09-24|2023-09-24
orgallardo_67|orgallardo_67@gmail.com|3|1|false|2023-09-24|2023-09-24
acgarcia_31|acgarcia_31@gmail.com|3|1|false|2023-09-24|2023-09-24
ecnavarrete_66|ecnavarrete_66@gmail.com|3|1|false|2023-09-24|2023-09-24
ídvargas_54|ídvargas_54@gmail.com|3|1|false|2023-09-24|2023-09-24
rigonzalez_73|rigonzalez_73@gmail.com|3|1|false|2023-09-24|2023-09-24
fmjara_93|fmjara_93@gmail.com|3|1|false|2023-09-24|2023-09-24
ddvidal_61|ddvidal_61@gmail.com|3|1|false|2023-09-24|2023-09-24
prfarias_51|prfarias_51@gmail.com|3|1|false|2023-09-24|2023-09-24
ssorellana_60|ssorellana_60@gmail.com|3|1|false|2023-09-24|2023-09-24
apdonoso_35|apdonoso_35@gmail.com|3|1|false|2023-09-24|2023-09-24
blacevedo_23|blacevedo_23@gmail.com|3|1|false|2023-09-24|2023-09-24
cstorres_40|cstorres_40@gmail.com|3|1|false|2023-09-24|2023-09-24
vmvenegas_44|vmvenegas_44@gmail.com|3|1|false|2023-09-24|2023-09-24
mjsandoval_70|mjsandoval_70@gmail.com|3|1|false|2023-09-24|2023-09-24
vívaldes_14|vívaldes_14@gmail.com|3|1|false|2023-09-24|2023-09-24
ckvasquez_56|ckvasquez_56@gmail.com|3|1|false|2023-09-24|2023-09-24
ldfarias_39|ldfarias_39@gmail.com|3|1|false|2023-09-24|2023-09-24
levera_17|levera_17@gmail.com|3|1|false|2023-09-24|2023-09-24
epmolina_74|epmolina_74@gmail.com|3|1|false|2023-09-24|2023-09-24
eeortega_78|eeortega_78@gmail.com|3|1|false|2023-09-24|2023-09-24
betorres_15|betorres_15@gmail.com|3|1|false|2023-09-24|2023-09-24
lmrivera_79|lmrivera_79@gmail.com|3|1|false|2023-09-24|2023-09-24
mmcarvajal_71|mmcarvajal_71@gmail.com|3|1|false|2023-09-24|2023-09-24
ljguzman_8|ljguzman_8@gmail.com|3|1|false|2023-09-24|2023-09-24
amaraya_46|amaraya_46@gmail.com|3|1|false|2023-09-24|2023-09-24
lfmunoz_17|lfmunoz_17@gmail.com|3|1|false|2023-09-24|2023-09-24
lamaldonado_71|lamaldonado_71@gmail.com|3|1|false|2023-09-24|2023-09-24
jtpino_63|jtpino_63@gmail.com|3|1|false|2023-09-24|2023-09-24
kffigueroa_58|kffigueroa_58@gmail.com|3|1|false|2023-09-24|2023-09-24
mgpena_35|mgpena_35@gmail.com|3|1|false|2023-09-24|2023-09-24
athernandez_21|athernandez_21@gmail.com|3|1|false|2023-09-24|2023-09-24
vmsalazar_34|vmsalazar_34@gmail.com|3|1|false|2023-09-24|2023-09-24
lghernandez_74|lghernandez_74@gmail.com|3|1|false|2023-09-24|2023-09-24
isflores_82|isflores_82@gmail.com|3|1|false|2023-09-24|2023-09-24
vgcarvajal_60|vgcarvajal_60@gmail.com|3|1|false|2023-09-24|2023-09-24
lvperez_23|lvperez_23@gmail.com|3|1|false|2023-09-24|2023-09-24
ehortega_33|ehortega_33@gmail.com|3|1|false|2023-09-24|2023-09-24
cmdiaz_93|cmdiaz_93@gmail.com|3|1|false|2023-09-24|2023-09-24
esrojas_24|esrojas_24@gmail.com|3|1|false|2023-09-24|2023-09-24
jprojas_7|jprojas_7@gmail.com|3|1|false|2023-09-24|2023-09-24
rariquelme_7|rariquelme_7@gmail.com|3|1|false|2023-09-24|2023-09-24
kjmolina_91|kjmolina_91@gmail.com|3|1|false|2023-09-24|2023-09-24
ldvenegas_44|ldvenegas_44@gmail.com|3|1|false|2023-09-24|2023-09-24
iljara_30|iljara_30@gmail.com|3|1|false|2023-09-24|2023-09-24
yavera_89|yavera_89@gmail.com|3|1|false|2023-09-24|2023-09-24
xrhernandez_56|xrhernandez_56@gmail.com|3|1|false|2023-09-24|2023-09-24
pirivera_27|pirivera_27@gmail.com|3|1|false|2023-09-24|2023-09-24
ájfarias_59|ájfarias_59@gmail.com|3|1|false|2023-09-24|2023-09-24
artoro_88|artoro_88@gmail.com|3|1|false|2023-09-24|2023-09-24
koflores_60|koflores_60@gmail.com|3|1|false|2023-09-24|2023-09-24
ikherrera_67|ikherrera_67@gmail.com|3|1|false|2023-09-24|2023-09-24
vonavarrete_24|vonavarrete_24@gmail.com|3|1|false|2023-09-24|2023-09-24
gdsaez_44|gdsaez_44@gmail.com|3|1|false|2023-09-24|2023-09-24
fdacevedo_98|fdacevedo_98@gmail.com|3|1|false|2023-09-24|2023-09-24
ajvargas_99|ajvargas_99@gmail.com|3|1|false|2023-09-24|2023-09-24
kasalazar_23|kasalazar_23@gmail.com|3|1|false|2023-09-24|2023-09-24
kfjimenez_56|kfjimenez_56@gmail.com|3|1|false|2023-09-24|2023-09-24
adhernandez_98|adhernandez_98@gmail.com|3|1|false|2023-09-24|2023-09-24
ossalinas_55|ossalinas_55@gmail.com|3|1|false|2023-09-24|2023-09-24
fazuniga_40|fazuniga_40@gmail.com|3|1|false|2023-09-24|2023-09-24
njaravena_28|njaravena_28@gmail.com|3|1|false|2023-09-24|2023-09-24
ifmorales_29|ifmorales_29@gmail.com|3|1|false|2023-09-24|2023-09-24
sscarrasco_83|sscarrasco_83@gmail.com|3|1|false|2023-09-24|2023-09-24
sgriquelme_62|sgriquelme_62@gmail.com|3|1|false|2023-09-24|2023-09-24
mdolivares_57|mdolivares_57@gmail.com|3|1|false|2023-09-24|2023-09-24
dccortes_22|dccortes_22@gmail.com|3|1|false|2023-09-24|2023-09-24
dasepulveda_83|dasepulveda_83@gmail.com|3|1|false|2023-09-24|2023-09-24
lmsepulveda_71|lmsepulveda_71@gmail.com|3|1|false|2023-09-24|2023-09-24
mvescobar_34|mvescobar_34@gmail.com|3|1|false|2023-09-24|2023-09-24
vffernandez_80|vffernandez_80@gmail.com|3|1|false|2023-09-24|2023-09-24
sggarrido_26|sggarrido_26@gmail.com|3|1|false|2023-09-24|2023-09-24
mmvalenzuela_14|mmvalenzuela_14@gmail.com|3|1|false|2023-09-24|2023-09-24
nfaraya_29|nfaraya_29@gmail.com|3|1|false|2023-09-24|2023-09-24
mdrivera_10|mdrivera_10@gmail.com|3|1|false|2023-09-24|2023-09-24
ifflores_32|ifflores_32@gmail.com|3|1|false|2023-09-24|2023-09-24
jsmoreno_17|jsmoreno_17@gmail.com|3|1|false|2023-09-24|2023-09-24
gcfarias_82|gcfarias_82@gmail.com|3|1|false|2023-09-24|2023-09-24
aabustamente_95|aabustamente_95@gmail.com|3|1|false|2023-09-24|2023-09-24
lesaavedra_81|lesaavedra_81@gmail.com|3|1|false|2023-09-24|2023-09-24
joaraya_61|joaraya_61@gmail.com|3|1|false|2023-09-24|2023-09-24
odvidal_91|odvidal_91@gmail.com|3|1|false|2023-09-24|2023-09-24
mrcarvajal_38|mrcarvajal_38@gmail.com|3|1|false|2023-09-24|2023-09-24
bjherrera_8|bjherrera_8@gmail.com|3|1|false|2023-09-24|2023-09-24
djleiva_89|djleiva_89@gmail.com|3|1|false|2023-09-24|2023-09-24
mttapia_24|mttapia_24@gmail.com|3|1|false|2023-09-24|2023-09-24
mfmunoz_34|mfmunoz_34@gmail.com|3|1|false|2023-09-24|2023-09-24
acdiaz_97|acdiaz_97@gmail.com|3|1|false|2023-09-24|2023-09-24
glcaceres_55|glcaceres_55@gmail.com|3|1|false|2023-09-24|2023-09-24
lacaceres_91|lacaceres_91@gmail.com|3|1|false|2023-09-24|2023-09-24
jrorellana_3|jrorellana_3@gmail.com|3|1|false|2023-09-24|2023-09-24
dbsandoval_16|dbsandoval_16@gmail.com|3|1|false|2023-09-24|2023-09-24
gbleiva_76|gbleiva_76@gmail.com|3|1|false|2023-09-24|2023-09-24
vcgutierrez_15|vcgutierrez_15@gmail.com|3|1|false|2023-09-24|2023-09-24
nnacuna_70|nnacuna_70@gmail.com|3|1|false|2023-09-24|2023-09-24
jmbravo_43|jmbravo_43@gmail.com|3|1|false|2023-09-24|2023-09-24
elriquelme_100|elriquelme_100@gmail.com|3|1|false|2023-09-24|2023-09-24
mjrivera_8|mjrivera_8@gmail.com|3|1|false|2023-09-24|2023-09-24
vbvasquez_85|vbvasquez_85@gmail.com|3|1|false|2023-09-24|2023-09-24
xjzuniga_64|xjzuniga_64@gmail.com|3|1|false|2023-09-24|2023-09-24
lcramirez_28|lcramirez_28@gmail.com|3|1|false|2023-09-24|2023-09-24
ijsaavedra_82|ijsaavedra_82@gmail.com|3|1|false|2023-09-24|2023-09-24
imlopez_28|imlopez_28@gmail.com|3|1|false|2023-09-24|2023-09-24
gbfuentes_81|gbfuentes_81@gmail.com|3|1|false|2023-09-24|2023-09-24
bsmartinez_50|bsmartinez_50@gmail.com|3|1|false|2023-09-24|2023-09-24
jvcarrasco_74|jvcarrasco_74@gmail.com|3|1|false|2023-09-24|2023-09-24
fpleiva_68|fpleiva_68@gmail.com|3|1|false|2023-09-24|2023-09-24
gpgutierrez_27|gpgutierrez_27@gmail.com|3|1|false|2023-09-24|2023-09-24
asvergara_100|asvergara_100@gmail.com|3|1|false|2023-09-24|2023-09-24
mklagos_36|mklagos_36@gmail.com|3|1|false|2023-09-24|2023-09-24
accampos_82|accampos_82@gmail.com|3|1|false|2023-09-24|2023-09-24
enescobar_36|enescobar_36@gmail.com|3|1|false|2023-09-24|2023-09-24
nmmoreno_56|nmmoreno_56@gmail.com|3|1|false|2023-09-24|2023-09-24
mralvarez_42|mralvarez_42@gmail.com|3|1|false|2023-09-24|2023-09-24
ajhenriquez_4|ajhenriquez_4@gmail.com|3|1|false|2023-09-24|2023-09-24
rjrivera_45|rjrivera_45@gmail.com|3|1|false|2023-09-24|2023-09-24
veramirez_50|veramirez_50@gmail.com|3|1|false|2023-09-24|2023-09-24
ptdiaz_44|ptdiaz_44@gmail.com|3|1|false|2023-09-24|2023-09-24
grbustamente_44|grbustamente_44@gmail.com|3|1|false|2023-09-24|2023-09-24
semaldonado_64|semaldonado_64@gmail.com|3|1|false|2023-09-24|2023-09-24
itguerrero_37|itguerrero_37@gmail.com|3|1|false|2023-09-24|2023-09-24
fmcardenas_29|fmcardenas_29@gmail.com|3|1|false|2023-09-24|2023-09-24
cmpoblete_48|cmpoblete_48@gmail.com|3|1|false|2023-09-24|2023-09-24
ismolina_66|ismolina_66@gmail.com|3|1|false|2023-09-24|2023-09-24
mlhenriquez_44|mlhenriquez_44@gmail.com|3|1|false|2023-09-24|2023-09-24
eavaldes_100|eavaldes_100@gmail.com|3|1|false|2023-09-24|2023-09-24
krsalinas_57|krsalinas_57@gmail.com|3|1|false|2023-09-24|2023-09-24
alsepulveda_21|alsepulveda_21@gmail.com|3|1|false|2023-09-24|2023-09-24
nfsanchez_58|nfsanchez_58@gmail.com|3|1|false|2023-09-24|2023-09-24
ceparra_29|ceparra_29@gmail.com|3|1|false|2023-09-24|2023-09-24
jcbustos_9|jcbustos_9@gmail.com|3|1|false|2023-09-24|2023-09-24
pmzuniga_28|pmzuniga_28@gmail.com|3|1|false|2023-09-24|2023-09-24
jbcarrasco_93|jbcarrasco_93@gmail.com|3|1|false|2023-09-24|2023-09-24
jlaguilera_81|jlaguilera_81@gmail.com|3|1|false|2023-09-24|2023-09-24
srjara_38|srjara_38@gmail.com|3|1|false|2023-09-24|2023-09-24
avsaez_34|avsaez_34@gmail.com|3|1|false|2023-09-24|2023-09-24
latoro_14|latoro_14@gmail.com|3|1|false|2023-09-24|2023-09-24
ddtorres_78|ddtorres_78@gmail.com|3|1|false|2023-09-24|2023-09-24
gazuniga_66|gazuniga_66@gmail.com|3|1|false|2023-09-24|2023-09-24
mfpena_67|mfpena_67@gmail.com|3|1|false|2023-09-24|2023-09-24
torojas_18|torojas_18@gmail.com|3|1|false|2023-09-24|2023-09-24
vesalazar_93|vesalazar_93@gmail.com|3|1|false|2023-09-24|2023-09-24
xapizarro_3|xapizarro_3@gmail.com|3|1|false|2023-09-24|2023-09-24
rtvidal_14|rtvidal_14@gmail.com|3|1|false|2023-09-24|2023-09-24
ddgomez_17|ddgomez_17@gmail.com|3|1|false|2023-09-24|2023-09-24
cvgomez_19|cvgomez_19@gmail.com|3|1|false|2023-09-24|2023-09-24
legarrido_51|legarrido_51@gmail.com|3|1|false|2023-09-24|2023-09-24
pscarrasco_21|pscarrasco_21@gmail.com|3|1|false|2023-09-24|2023-09-24
giortiz_72|giortiz_72@gmail.com|3|1|false|2023-09-24|2023-09-24
sehenriquez_19|sehenriquez_19@gmail.com|3|1|false|2023-09-24|2023-09-24
lngallardo_25|lngallardo_25@gmail.com|3|1|false|2023-09-24|2023-09-24
iidiaz_91|iidiaz_91@gmail.com|3|1|false|2023-09-24|2023-09-24
awgarcia_4|awgarcia_4@gmail.com|3|1|false|2023-09-24|2023-09-24
bcsaez_85|bcsaez_85@gmail.com|3|1|false|2023-09-24|2023-09-24
afdonoso_42|afdonoso_42@gmail.com|3|1|false|2023-09-24|2023-09-24
aisaez_84|aisaez_84@gmail.com|3|1|false|2023-09-24|2023-09-24
ysmoreno_26|ysmoreno_26@gmail.com|3|1|false|2023-09-24|2023-09-24
vdguerrero_12|vdguerrero_12@gmail.com|3|1|false|2023-09-24|2023-09-24
fcnunez_56|fcnunez_56@gmail.com|3|1|false|2023-09-24|2023-09-24
daescobar_66|daescobar_66@gmail.com|3|1|false|2023-09-24|2023-09-24
jkolivares_66|jkolivares_66@gmail.com|3|1|false|2023-09-24|2023-09-24
mbrojas_84|mbrojas_84@gmail.com|3|1|false|2023-09-24|2023-09-24
dáriquelme_13|dáriquelme_13@gmail.com|3|1|false|2023-09-24|2023-09-24
zysalazar_55|zysalazar_55@gmail.com|3|1|false|2023-09-24|2023-09-24
jiacuna_63|jiacuna_63@gmail.com|3|1|false|2023-09-24|2023-09-24
kimoreno_40|kimoreno_40@gmail.com|3|1|false|2023-09-24|2023-09-24
aaortega_57|aaortega_57@gmail.com|3|1|false|2023-09-24|2023-09-24
bmcarrasco_5|bmcarrasco_5@gmail.com|3|1|false|2023-09-24|2023-09-24
cevergara_63|cevergara_63@gmail.com|3|1|false|2023-09-24|2023-09-24
fssandoval_91|fssandoval_91@gmail.com|3|1|false|2023-09-24|2023-09-24
clparra_44|clparra_44@gmail.com|3|1|false|2023-09-24|2023-09-24
fmmiranda_88|fmmiranda_88@gmail.com|3|1|false|2023-09-24|2023-09-24
bcmiranda_5|bcmiranda_5@gmail.com|3|1|false|2023-09-24|2023-09-24
lrleiva_24|lrleiva_24@gmail.com|3|1|false|2023-09-24|2023-09-24
dbmartinez_95|dbmartinez_95@gmail.com|3|1|false|2023-09-24|2023-09-24
tggallardo_72|tggallardo_72@gmail.com|3|1|false|2023-09-24|2023-09-24
mcnavarrete_51|mcnavarrete_51@gmail.com|3|1|false|2023-09-24|2023-09-24
acaraya_36|acaraya_36@gmail.com|3|1|false|2023-09-24|2023-09-24
crsaavedra_98|crsaavedra_98@gmail.com|3|1|false|2023-09-24|2023-09-24
kmfarias_52|kmfarias_52@gmail.com|3|1|false|2023-09-24|2023-09-24
vnpoblete_7|vnpoblete_7@gmail.com|3|1|false|2023-09-24|2023-09-24
xagodoy_25|xagodoy_25@gmail.com|3|1|false|2023-09-24|2023-09-24
aaguzman_26|aaguzman_26@gmail.com|3|1|false|2023-09-24|2023-09-24
dmvasquez_42|dmvasquez_42@gmail.com|3|1|false|2023-09-24|2023-09-24
vbtoro_92|vbtoro_92@gmail.com|3|1|false|2023-09-24|2023-09-24
bmespinoza_98|bmespinoza_98@gmail.com|3|1|false|2023-09-24|2023-09-24
gjgallardo_46|gjgallardo_46@gmail.com|3|1|false|2023-09-24|2023-09-24
jczuniga_71|jczuniga_71@gmail.com|3|1|false|2023-09-24|2023-09-24
smcarrasco_28|smcarrasco_28@gmail.com|3|1|false|2023-09-24|2023-09-24
krmaldonado_36|krmaldonado_36@gmail.com|3|1|false|2023-09-24|2023-09-24
mmcastillo_39|mmcastillo_39@gmail.com|3|1|false|2023-09-24|2023-09-24
ivguerrero_83|ivguerrero_83@gmail.com|3|1|false|2023-09-24|2023-09-24
tdvenegas_6|tdvenegas_6@gmail.com|3|1|false|2023-09-24|2023-09-24
áfmiranda_23|áfmiranda_23@gmail.com|3|1|false|2023-09-24|2023-09-24
gjcontreras_86|gjcontreras_86@gmail.com|3|1|false|2023-09-24|2023-09-24
njbravo_5|njbravo_5@gmail.com|3|1|false|2023-09-24|2023-09-24
jldonoso_85|jldonoso_85@gmail.com|3|1|false|2023-09-24|2023-09-24
lrsilva_69|lrsilva_69@gmail.com|3|1|false|2023-09-24|2023-09-24
ghfernandez_72|ghfernandez_72@gmail.com|3|1|false|2023-09-24|2023-09-24
cjbustos_17|cjbustos_17@gmail.com|3|1|false|2023-09-24|2023-09-24
oemorales_59|oemorales_59@gmail.com|3|1|false|2023-09-24|2023-09-24
nvalvarado_24|nvalvarado_24@gmail.com|3|1|false|2023-09-24|2023-09-24
jdvaldes_26|jdvaldes_26@gmail.com|3|1|false|2023-09-24|2023-09-24
jjperez_72|jjperez_72@gmail.com|3|1|false|2023-09-24|2023-09-24
dcgodoy_13|dcgodoy_13@gmail.com|3|1|false|2023-09-24|2023-09-24
lkvera_84|lkvera_84@gmail.com|3|1|false|2023-09-24|2023-09-24
fdalvarez_45|fdalvarez_45@gmail.com|3|1|false|2023-09-24|2023-09-24
lralvarado_34|lralvarado_34@gmail.com|3|1|false|2023-09-24|2023-09-24
jácampos_25|jácampos_25@gmail.com|3|1|false|2023-09-24|2023-09-24
vmvargas_74|vmvargas_74@gmail.com|3|1|false|2023-09-24|2023-09-24
jmrodriguez_51|jmrodriguez_51@gmail.com|3|1|false|2023-09-24|2023-09-24
rvcarvajal_25|rvcarvajal_25@gmail.com|3|1|false|2023-09-24|2023-09-24
fmnunez_61|fmnunez_61@gmail.com|3|1|false|2023-09-24|2023-09-24
vcbustos_87|vcbustos_87@gmail.com|3|1|false|2023-09-24|2023-09-24
kclagos_11|kclagos_11@gmail.com|3|1|false|2023-09-24|2023-09-24
abrojas_2|abrojas_2@gmail.com|3|1|false|2023-09-24|2023-09-24
bcmiranda_54|bcmiranda_54@gmail.com|3|1|false|2023-09-24|2023-09-24
dpramirez_85|dpramirez_85@gmail.com|3|1|false|2023-09-24|2023-09-24
kejimenez_2|kejimenez_2@gmail.com|3|1|false|2023-09-24|2023-09-24
fasaavedra_16|fasaavedra_16@gmail.com|3|1|false|2023-09-24|2023-09-24
cjpizarro_11|cjpizarro_11@gmail.com|3|1|false|2023-09-24|2023-09-24
djguerrero_93|djguerrero_93@gmail.com|3|1|false|2023-09-24|2023-09-24
epriquelme_52|epriquelme_52@gmail.com|3|1|false|2023-09-24|2023-09-24
cstorres_65|cstorres_65@gmail.com|3|1|false|2023-09-24|2023-09-24
kmjimenez_14|kmjimenez_14@gmail.com|3|1|false|2023-09-24|2023-09-24
mbrivera_10|mbrivera_10@gmail.com|3|1|false|2023-09-24|2023-09-24
dlrodriguez_99|dlrodriguez_99@gmail.com|3|1|false|2023-09-24|2023-09-24
ckgomez_23|ckgomez_23@gmail.com|3|1|false|2023-09-24|2023-09-24
vbsoto_52|vbsoto_52@gmail.com|3|1|false|2023-09-24|2023-09-24
peescobar_38|peescobar_38@gmail.com|3|1|false|2023-09-24|2023-09-24
jjpoblete_17|jjpoblete_17@gmail.com|3|1|false|2023-09-24|2023-09-24
ismedina_59|ismedina_59@gmail.com|3|1|false|2023-09-24|2023-09-24
lcpena_44|lcpena_44@gmail.com|3|1|false|2023-09-24|2023-09-24
zegarcia_78|zegarcia_78@gmail.com|3|1|false|2023-09-24|2023-09-24
ejaravena_47|ejaravena_47@gmail.com|3|1|false|2023-09-24|2023-09-24
pjvega_47|pjvega_47@gmail.com|3|1|false|2023-09-24|2023-09-24
szvergara_5|szvergara_5@gmail.com|3|1|false|2023-09-24|2023-09-24
iporellana_7|iporellana_7@gmail.com|3|1|false|2023-09-24|2023-09-24
efaraya_77|efaraya_77@gmail.com|3|1|false|2023-09-24|2023-09-24
kvmiranda_5|kvmiranda_5@gmail.com|3|1|false|2023-09-24|2023-09-24
sanavarro_70|sanavarro_70@gmail.com|3|1|false|2023-09-24|2023-09-24
fbmorales_82|fbmorales_82@gmail.com|3|1|false|2023-09-24|2023-09-24
irsanhueza_27|irsanhueza_27@gmail.com|3|1|false|2023-09-24|2023-09-24
jcaraya_71|jcaraya_71@gmail.com|3|1|false|2023-09-24|2023-09-24
kmvera_7|kmvera_7@gmail.com|3|1|false|2023-09-24|2023-09-24
eaortiz_74|eaortiz_74@gmail.com|3|1|false|2023-09-24|2023-09-24
icjara_25|icjara_25@gmail.com|3|1|false|2023-09-24|2023-09-24
edacuna_61|edacuna_61@gmail.com|3|1|false|2023-09-24|2023-09-24
ciperez_40|ciperez_40@gmail.com|3|1|false|2023-09-24|2023-09-24
rmriquelme_92|rmriquelme_92@gmail.com|3|1|false|2023-09-24|2023-09-24
cvrojas_8|cvrojas_8@gmail.com|3|1|false|2023-09-24|2023-09-24
optorres_69|optorres_69@gmail.com|3|1|false|2023-09-24|2023-09-24
vnacevedo_39|vnacevedo_39@gmail.com|3|1|false|2023-09-24|2023-09-24
mzsaez_22|mzsaez_22@gmail.com|3|1|false|2023-09-24|2023-09-24
svfernandez_97|svfernandez_97@gmail.com|3|1|false|2023-09-24|2023-09-24
kádiaz_26|kádiaz_26@gmail.com|3|1|false|2023-09-24|2023-09-24
ntmoreno_21|ntmoreno_21@gmail.com|3|1|false|2023-09-24|2023-09-24
jmgutierrez_15|jmgutierrez_15@gmail.com|3|1|false|2023-09-24|2023-09-24
cjcontreras_37|cjcontreras_37@gmail.com|3|1|false|2023-09-24|2023-09-24
sjcarrasco_13|sjcarrasco_13@gmail.com|3|1|false|2023-09-24|2023-09-24
nabustos_92|nabustos_92@gmail.com|3|1|false|2023-09-24|2023-09-24
ixortega_77|ixortega_77@gmail.com|3|1|false|2023-09-24|2023-09-24
vspino_27|vspino_27@gmail.com|3|1|false|2023-09-24|2023-09-24
wvalarcon_30|wvalarcon_30@gmail.com|3|1|false|2023-09-24|2023-09-24
mjespinoza_1|mjespinoza_1@gmail.com|3|1|false|2023-09-24|2023-09-24
lgtorres_51|lgtorres_51@gmail.com|3|1|false|2023-09-24|2023-09-24
cyvera_95|cyvera_95@gmail.com|3|1|false|2023-09-24|2023-09-24
alalvarez_87|alalvarez_87@gmail.com|3|1|false|2023-09-24|2023-09-24
dnalvarado_17|dnalvarado_17@gmail.com|3|1|false|2023-09-24|2023-09-24
sasandoval_53|sasandoval_53@gmail.com|3|1|false|2023-09-24|2023-09-24
fjjara_40|fjjara_40@gmail.com|3|1|false|2023-09-24|2023-09-24
laaguilera_19|laaguilera_19@gmail.com|3|1|false|2023-09-24|2023-09-24
fmtoro_37|fmtoro_37@gmail.com|3|1|false|2023-09-24|2023-09-24
lcnavarrete_20|lcnavarrete_20@gmail.com|3|1|false|2023-09-24|2023-09-24
sgpena_77|sgpena_77@gmail.com|3|1|false|2023-09-24|2023-09-24
difarias_14|difarias_14@gmail.com|3|1|false|2023-09-24|2023-09-24
xrgutierrez_41|xrgutierrez_41@gmail.com|3|1|false|2023-09-24|2023-09-24
lccortes_60|lccortes_60@gmail.com|3|1|false|2023-09-24|2023-09-24
mntorres_24|mntorres_24@gmail.com|3|1|false|2023-09-24|2023-09-24
fhramirez_92|fhramirez_92@gmail.com|3|1|false|2023-09-24|2023-09-24
pmsandoval_30|pmsandoval_30@gmail.com|3|1|false|2023-09-24|2023-09-24
nljimenez_16|nljimenez_16@gmail.com|3|1|false|2023-09-24|2023-09-24
asguzman_54|asguzman_54@gmail.com|3|1|false|2023-09-24|2023-09-24
mlbustos_32|mlbustos_32@gmail.com|3|1|false|2023-09-24|2023-09-24
spleiva_56|spleiva_56@gmail.com|3|1|false|2023-09-24|2023-09-24
lgmartinez_96|lgmartinez_96@gmail.com|3|1|false|2023-09-24|2023-09-24
elortiz_54|elortiz_54@gmail.com|3|1|false|2023-09-24|2023-09-24
atvera_57|atvera_57@gmail.com|3|1|false|2023-09-24|2023-09-24
ftvargas_6|ftvargas_6@gmail.com|3|1|false|2023-09-24|2023-09-24
dlgutierrez_58|dlgutierrez_58@gmail.com|3|1|false|2023-09-24|2023-09-24
kpsalazar_13|kpsalazar_13@gmail.com|3|1|false|2023-09-24|2023-09-24
emalvarado_67|emalvarado_67@gmail.com|3|1|false|2023-09-24|2023-09-24
nztapia_53|nztapia_53@gmail.com|3|1|false|2023-09-24|2023-09-24
cjortiz_3|cjortiz_3@gmail.com|3|1|false|2023-09-24|2023-09-24
achenriquez_41|achenriquez_41@gmail.com|3|1|false|2023-09-24|2023-09-24
jjmoreno_2|jjmoreno_2@gmail.com|3|1|false|2023-09-24|2023-09-24
alfarias_65|alfarias_65@gmail.com|3|1|false|2023-09-24|2023-09-24
lmgutierrez_88|lmgutierrez_88@gmail.com|3|1|false|2023-09-24|2023-09-24
abespinoza_62|abespinoza_62@gmail.com|3|1|false|2023-09-24|2023-09-24
mabravo_35|mabravo_35@gmail.com|3|1|false|2023-09-24|2023-09-24
cftorres_39|cftorres_39@gmail.com|3|1|false|2023-09-24|2023-09-24
atpino_52|atpino_52@gmail.com|3|1|false|2023-09-24|2023-09-24
lxolivares_17|lxolivares_17@gmail.com|3|1|false|2023-09-24|2023-09-24
epgonzalez_45|epgonzalez_45@gmail.com|3|1|false|2023-09-24|2023-09-24
acfuentes_34|acfuentes_34@gmail.com|3|1|false|2023-09-24|2023-09-24
vksalinas_69|vksalinas_69@gmail.com|3|1|false|2023-09-24|2023-09-24
cvlopez_66|cvlopez_66@gmail.com|3|1|false|2023-09-24|2023-09-24
jebustos_96|jebustos_96@gmail.com|3|1|false|2023-09-24|2023-09-24
vtcortes_4|vtcortes_4@gmail.com|3|1|false|2023-09-24|2023-09-24
lgfarias_25|lgfarias_25@gmail.com|3|1|false|2023-09-24|2023-09-24
rsleiva_97|rsleiva_97@gmail.com|3|1|false|2023-09-24|2023-09-24
rrvargas_30|rrvargas_30@gmail.com|3|1|false|2023-09-24|2023-09-24
jnpino_96|jnpino_96@gmail.com|3|1|false|2023-09-24|2023-09-24
emleiva_96|emleiva_96@gmail.com|3|1|false|2023-09-24|2023-09-24
bblagos_11|bblagos_11@gmail.com|3|1|false|2023-09-24|2023-09-24
navargas_17|navargas_17@gmail.com|3|1|false|2023-09-24|2023-09-24
llgarcia_17|llgarcia_17@gmail.com|3|1|false|2023-09-24|2023-09-24
periquelme_42|periquelme_42@gmail.com|3|1|false|2023-09-24|2023-09-24
ymortiz_93|ymortiz_93@gmail.com|3|1|false|2023-09-24|2023-09-24
jngarrido_24|jngarrido_24@gmail.com|3|1|false|2023-09-24|2023-09-24
nvaraya_27|nvaraya_27@gmail.com|3|1|false|2023-09-24|2023-09-24
gfvera_58|gfvera_58@gmail.com|3|1|false|2023-09-24|2023-09-24
dsreyes_28|dsreyes_28@gmail.com|3|1|false|2023-09-24|2023-09-24
mvfernandez_13|mvfernandez_13@gmail.com|3|1|false|2023-09-24|2023-09-24
etpizarro_52|etpizarro_52@gmail.com|3|1|false|2023-09-24|2023-09-24
macontreras_41|macontreras_41@gmail.com|3|1|false|2023-09-24|2023-09-24
mjaguilera_37|mjaguilera_37@gmail.com|3|1|false|2023-09-24|2023-09-24
elaguilera_79|elaguilera_79@gmail.com|3|1|false|2023-09-24|2023-09-24
xacampos_10|xacampos_10@gmail.com|3|1|false|2023-09-24|2023-09-24
avvargas_30|avvargas_30@gmail.com|3|1|false|2023-09-24|2023-09-24
aecortes_70|aecortes_70@gmail.com|3|1|false|2023-09-24|2023-09-24
xfrojas_29|xfrojas_29@gmail.com|3|1|false|2023-09-24|2023-09-24
jgvera_97|jgvera_97@gmail.com|3|1|false|2023-09-24|2023-09-24
vdalvarez_27|vdalvarez_27@gmail.com|3|1|false|2023-09-24|2023-09-24
nvolivares_51|nvolivares_51@gmail.com|3|1|false|2023-09-24|2023-09-24
ircaceres_50|ircaceres_50@gmail.com|3|1|false|2023-09-24|2023-09-24
fabustos_9|fabustos_9@gmail.com|3|1|false|2023-09-24|2023-09-24
fwaguilera_97|fwaguilera_97@gmail.com|3|1|false|2023-09-24|2023-09-24
vsbustamente_61|vsbustamente_61@gmail.com|3|1|false|2023-09-24|2023-09-24
zbpalma_7|zbpalma_7@gmail.com|3|1|false|2023-09-24|2023-09-24
degodoy_25|degodoy_25@gmail.com|3|1|false|2023-09-24|2023-09-24
egfernandez_35|egfernandez_35@gmail.com|3|1|false|2023-09-24|2023-09-24
dbrivera_47|dbrivera_47@gmail.com|3|1|false|2023-09-24|2023-09-24
btvergara_26|btvergara_26@gmail.com|3|1|false|2023-09-24|2023-09-24
maacuna_75|maacuna_75@gmail.com|3|1|false|2023-09-24|2023-09-24
wsnunez_72|wsnunez_72@gmail.com|3|1|false|2023-09-24|2023-09-24
mnreyes_18|mnreyes_18@gmail.com|3|1|false|2023-09-24|2023-09-24
aklagos_16|aklagos_16@gmail.com|3|1|false|2023-09-24|2023-09-24
jvescobar_91|jvescobar_91@gmail.com|3|1|false|2023-09-24|2023-09-24
lscardenas_32|lscardenas_32@gmail.com|3|1|false|2023-09-24|2023-09-24
nccaceres_18|nccaceres_18@gmail.com|3|1|false|2023-09-24|2023-09-24
lcvega_26|lcvega_26@gmail.com|3|1|false|2023-09-24|2023-09-24
rlvaldes_99|rlvaldes_99@gmail.com|3|1|false|2023-09-24|2023-09-24
ckespinoza_54|ckespinoza_54@gmail.com|3|1|false|2023-09-24|2023-09-24
bmsoto_64|bmsoto_64@gmail.com|3|1|false|2023-09-24|2023-09-24
plaraya_38|plaraya_38@gmail.com|3|1|false|2023-09-24|2023-09-24
vmgallardo_63|vmgallardo_63@gmail.com|3|1|false|2023-09-24|2023-09-24
bacastro_35|bacastro_35@gmail.com|3|1|false|2023-09-24|2023-09-24
crsaez_86|crsaez_86@gmail.com|3|1|false|2023-09-24|2023-09-24
gamiranda_98|gamiranda_98@gmail.com|3|1|false|2023-09-24|2023-09-24
karodriguez_84|karodriguez_84@gmail.com|3|1|false|2023-09-24|2023-09-24
aacardenas_4|aacardenas_4@gmail.com|3|1|false|2023-09-24|2023-09-24
nemedina_14|nemedina_14@gmail.com|3|1|false|2023-09-24|2023-09-24
mrramirez_3|mrramirez_3@gmail.com|3|1|false|2023-09-24|2023-09-24
dxsepulveda_53|dxsepulveda_53@gmail.com|3|1|false|2023-09-24|2023-09-24
cfrojas_49|cfrojas_49@gmail.com|3|1|false|2023-09-24|2023-09-24
yanavarrete_99|yanavarrete_99@gmail.com|3|1|false|2023-09-24|2023-09-24
dpvenegas_63|dpvenegas_63@gmail.com|3|1|false|2023-09-24|2023-09-24
rtgallardo_60|rtgallardo_60@gmail.com|3|1|false|2023-09-24|2023-09-24
scparra_69|scparra_69@gmail.com|3|1|false|2023-09-24|2023-09-24
glbravo_12|glbravo_12@gmail.com|3|1|false|2023-09-24|2023-09-24
remoreno_38|remoreno_38@gmail.com|3|1|false|2023-09-24|2023-09-24
avpizarro_48|avpizarro_48@gmail.com|3|1|false|2023-09-24|2023-09-24
bgguerrero_7|bgguerrero_7@gmail.com|3|1|false|2023-09-24|2023-09-24
jlgarrido_88|jlgarrido_88@gmail.com|3|1|false|2023-09-24|2023-09-24
lavalenzuela_89|lavalenzuela_89@gmail.com|3|1|false|2023-09-24|2023-09-24
azaguilera_65|azaguilera_65@gmail.com|3|1|false|2023-09-24|2023-09-24
saruiz_80|saruiz_80@gmail.com|3|1|false|2023-09-24|2023-09-24
msfarias_95|msfarias_95@gmail.com|3|1|false|2023-09-24|2023-09-24
imherrera_47|imherrera_47@gmail.com|3|1|false|2023-09-24|2023-09-24
iimiranda_60|iimiranda_60@gmail.com|3|1|false|2023-09-24|2023-09-24
dtperez_10|dtperez_10@gmail.com|3|1|false|2023-09-24|2023-09-24
brpoblete_20|brpoblete_20@gmail.com|3|1|false|2023-09-24|2023-09-24
ntsanhueza_21|ntsanhueza_21@gmail.com|3|1|false|2023-09-24|2023-09-24
cjaguilera_41|cjaguilera_41@gmail.com|3|1|false|2023-09-24|2023-09-24
amrivera_59|amrivera_59@gmail.com|3|1|false|2023-09-24|2023-09-24
jmsaavedra_10|jmsaavedra_10@gmail.com|3|1|false|2023-09-24|2023-09-24
nrruiz_38|nrruiz_38@gmail.com|3|1|false|2023-09-24|2023-09-24
pepalma_88|pepalma_88@gmail.com|3|1|false|2023-09-24|2023-09-24
mepalma_51|mepalma_51@gmail.com|3|1|false|2023-09-24|2023-09-24
sncampos_34|sncampos_34@gmail.com|3|1|false|2023-09-24|2023-09-24
mmrivera_63|mmrivera_63@gmail.com|3|1|false|2023-09-24|2023-09-24
lsnunez_97|lsnunez_97@gmail.com|3|1|false|2023-09-24|2023-09-24
rnsandoval_47|rnsandoval_47@gmail.com|3|1|false|2023-09-24|2023-09-24
aagarrido_63|aagarrido_63@gmail.com|3|1|false|2023-09-24|2023-09-24
bagarrido_42|bagarrido_42@gmail.com|3|1|false|2023-09-24|2023-09-24
tmmaldonado_43|tmmaldonado_43@gmail.com|3|1|false|2023-09-24|2023-09-24
vsgonzalez_57|vsgonzalez_57@gmail.com|3|1|false|2023-09-24|2023-09-24
nxhenriquez_42|nxhenriquez_42@gmail.com|3|1|false|2023-09-24|2023-09-24
oáacevedo_74|oáacevedo_74@gmail.com|3|1|false|2023-09-24|2023-09-24
aebustamente_40|aebustamente_40@gmail.com|3|1|false|2023-09-24|2023-09-24
lmalvarez_65|lmalvarez_65@gmail.com|3|1|false|2023-09-24|2023-09-24
ggflores_2|ggflores_2@gmail.com|3|1|false|2023-09-24|2023-09-24
nolopez_66|nolopez_66@gmail.com|3|1|false|2023-09-24|2023-09-24
ebacuna_72|ebacuna_72@gmail.com|3|1|false|2023-09-24|2023-09-24
gcvega_87|gcvega_87@gmail.com|3|1|false|2023-09-24|2023-09-24
lsbustos_28|lsbustos_28@gmail.com|3|1|false|2023-09-24|2023-09-24
fiaravena_19|fiaravena_19@gmail.com|3|1|false|2023-09-24|2023-09-24
jiruiz_56|jiruiz_56@gmail.com|3|1|false|2023-09-24|2023-09-24
vcsanchez_91|vcsanchez_91@gmail.com|3|1|false|2023-09-24|2023-09-24
pcvergara_68|pcvergara_68@gmail.com|3|1|false|2023-09-24|2023-09-24
jxcaceres_95|jxcaceres_95@gmail.com|3|1|false|2023-09-24|2023-09-24
mpsepulveda_61|mpsepulveda_61@gmail.com|3|1|false|2023-09-24|2023-09-24
elescobar_59|elescobar_59@gmail.com|3|1|false|2023-09-24|2023-09-24
nfsaavedra_41|nfsaavedra_41@gmail.com|3|1|false|2023-09-24|2023-09-24
nrrivera_62|nrrivera_62@gmail.com|3|1|false|2023-09-24|2023-09-24
cjalvarez_25|cjalvarez_25@gmail.com|3|1|false|2023-09-24|2023-09-24
bmjara_41|bmjara_41@gmail.com|3|1|false|2023-09-24|2023-09-24
grgonzalez_17|grgonzalez_17@gmail.com|3|1|false|2023-09-24|2023-09-24
radonoso_47|radonoso_47@gmail.com|3|1|false|2023-09-24|2023-09-24
neruiz_5|neruiz_5@gmail.com|3|1|false|2023-09-24|2023-09-24
lgreyes_13|lgreyes_13@gmail.com|3|1|false|2023-09-24|2023-09-24
jgsoto_67|jgsoto_67@gmail.com|3|1|false|2023-09-24|2023-09-24
nepalma_75|nepalma_75@gmail.com|3|1|false|2023-09-24|2023-09-24
casoto_50|casoto_50@gmail.com|3|1|false|2023-09-24|2023-09-24
avcarrasco_37|avcarrasco_37@gmail.com|3|1|false|2023-09-24|2023-09-24
bjortega_37|bjortega_37@gmail.com|3|1|false|2023-09-24|2023-09-24
fjpalma_95|fjpalma_95@gmail.com|3|1|false|2023-09-24|2023-09-24
ojcarrasco_71|ojcarrasco_71@gmail.com|3|1|false|2023-09-24|2023-09-24
rjmiranda_85|rjmiranda_85@gmail.com|3|1|false|2023-09-24|2023-09-24
hrcarrasco_51|hrcarrasco_51@gmail.com|3|1|false|2023-09-24|2023-09-24
remorales_72|remorales_72@gmail.com|3|1|false|2023-09-24|2023-09-24
laalvarez_17|laalvarez_17@gmail.com|3|1|false|2023-09-24|2023-09-24
jrgutierrez_61|jrgutierrez_61@gmail.com|3|1|false|2023-09-24|2023-09-24
sevalenzuela_20|sevalenzuela_20@gmail.com|3|1|false|2023-09-24|2023-09-24
ssromero_50|ssromero_50@gmail.com|3|1|false|2023-09-24|2023-09-24
keromero_16|keromero_16@gmail.com|3|1|false|2023-09-24|2023-09-24
fdhenriquez_70|fdhenriquez_70@gmail.com|3|1|false|2023-09-24|2023-09-24
laacevedo_6|laacevedo_6@gmail.com|3|1|false|2023-09-24|2023-09-24
jmleiva_88|jmleiva_88@gmail.com|3|1|false|2023-09-24|2023-09-24
pkvidal_35|pkvidal_35@gmail.com|3|1|false|2023-09-24|2023-09-24
pdgonzalez_38|pdgonzalez_38@gmail.com|3|1|false|2023-09-24|2023-09-24
vzvaldes_18|vzvaldes_18@gmail.com|3|1|false|2023-09-24|2023-09-24
megomez_49|megomez_49@gmail.com|3|1|false|2023-09-24|2023-09-24
xdvidal_62|xdvidal_62@gmail.com|3|1|false|2023-09-24|2023-09-24
awvasquez_35|awvasquez_35@gmail.com|3|1|false|2023-09-24|2023-09-24
ccfernandez_21|ccfernandez_21@gmail.com|3|1|false|2023-09-24|2023-09-24
nportega_71|nportega_71@gmail.com|3|1|false|2023-09-24|2023-09-24
vmsilva_44|vmsilva_44@gmail.com|3|1|false|2023-09-24|2023-09-24
fcaraya_53|fcaraya_53@gmail.com|3|1|false|2023-09-24|2023-09-24
opvidal_40|opvidal_40@gmail.com|3|1|false|2023-09-24|2023-09-24
vzalarcon_47|vzalarcon_47@gmail.com|3|1|false|2023-09-24|2023-09-24
vplopez_90|vplopez_90@gmail.com|3|1|false|2023-09-24|2023-09-24
pcgarrido_61|pcgarrido_61@gmail.com|3|1|false|2023-09-24|2023-09-24
igtoro_70|igtoro_70@gmail.com|3|1|false|2023-09-24|2023-09-24
íarivera_99|íarivera_99@gmail.com|3|1|false|2023-09-24|2023-09-24
sdrodriguez_25|sdrodriguez_25@gmail.com|3|1|false|2023-09-24|2023-09-24
zkaraya_58|zkaraya_58@gmail.com|3|1|false|2023-09-24|2023-09-24
fpacevedo_86|fpacevedo_86@gmail.com|3|1|false|2023-09-24|2023-09-24
aayanez_75|aayanez_75@gmail.com|3|1|false|2023-09-24|2023-09-24
mbsilva_84|mbsilva_84@gmail.com|3|1|false|2023-09-24|2023-09-24
mmvergara_70|mmvergara_70@gmail.com|3|1|false|2023-09-24|2023-09-24
edrojas_82|edrojas_82@gmail.com|3|1|false|2023-09-24|2023-09-24
xkgarrido_93|xkgarrido_93@gmail.com|3|1|false|2023-09-24|2023-09-24
mgmoreno_41|mgmoreno_41@gmail.com|3|1|false|2023-09-24|2023-09-24
mpalvarez_98|mpalvarez_98@gmail.com|3|1|false|2023-09-24|2023-09-24
ljcarvajal_5|ljcarvajal_5@gmail.com|3|1|false|2023-09-24|2023-09-24
avrivera_29|avrivera_29@gmail.com|3|1|false|2023-09-24|2023-09-24
ndsandoval_2|ndsandoval_2@gmail.com|3|1|false|2023-09-24|2023-09-24
mmsalinas_35|mmsalinas_35@gmail.com|3|1|false|2023-09-24|2023-09-24
ásgarcia_26|ásgarcia_26@gmail.com|3|1|false|2023-09-24|2023-09-24
paorellana_80|paorellana_80@gmail.com|3|1|false|2023-09-24|2023-09-24
acguzman_40|acguzman_40@gmail.com|3|1|false|2023-09-24|2023-09-24
ckcarrasco_7|ckcarrasco_7@gmail.com|3|1|false|2023-09-24|2023-09-24
dbnavarro_81|dbnavarro_81@gmail.com|3|1|false|2023-09-24|2023-09-24
clalarcon_52|clalarcon_52@gmail.com|3|1|false|2023-09-24|2023-09-24
epmolina_83|epmolina_83@gmail.com|3|1|false|2023-09-24|2023-09-24
mmaravena_77|mmaravena_77@gmail.com|3|1|false|2023-09-24|2023-09-24
jsbustos_88|jsbustos_88@gmail.com|3|1|false|2023-09-24|2023-09-24
laortega_68|laortega_68@gmail.com|3|1|false|2023-09-24|2023-09-24
pbsandoval_39|pbsandoval_39@gmail.com|3|1|false|2023-09-24|2023-09-24
magarrido_22|magarrido_22@gmail.com|3|1|false|2023-09-24|2023-09-24
mavaldes_80|mavaldes_80@gmail.com|3|1|false|2023-09-24|2023-09-24
mpcastro_47|mpcastro_47@gmail.com|3|1|false|2023-09-24|2023-09-24
kamunoz_32|kamunoz_32@gmail.com|3|1|false|2023-09-24|2023-09-24
scguzman_24|scguzman_24@gmail.com|3|1|false|2023-09-24|2023-09-24
lmzuniga_88|lmzuniga_88@gmail.com|3|1|false|2023-09-24|2023-09-24
iecaceres_72|iecaceres_72@gmail.com|3|1|false|2023-09-24|2023-09-24
farivera_61|farivera_61@gmail.com|3|1|false|2023-09-24|2023-09-24
gngonzalez_98|gngonzalez_98@gmail.com|3|1|false|2023-09-24|2023-09-24
jerodriguez_35|jerodriguez_35@gmail.com|3|1|false|2023-09-24|2023-09-24
djmolina_35|djmolina_35@gmail.com|3|1|false|2023-09-24|2023-09-24
lcdonoso_83|lcdonoso_83@gmail.com|3|1|false|2023-09-24|2023-09-24
nmnavarrete_19|nmnavarrete_19@gmail.com|3|1|false|2023-09-24|2023-09-24
scpizarro_100|scpizarro_100@gmail.com|3|1|false|2023-09-24|2023-09-24
baortiz_58|baortiz_58@gmail.com|3|1|false|2023-09-24|2023-09-24
ssguerrero_76|ssguerrero_76@gmail.com|3|1|false|2023-09-24|2023-09-24
rlalvarado_92|rlalvarado_92@gmail.com|3|1|false|2023-09-24|2023-09-24
eabustos_84|eabustos_84@gmail.com|3|1|false|2023-09-24|2023-09-24
yevasquez_44|yevasquez_44@gmail.com|3|1|false|2023-09-24|2023-09-24
fcalvarez_15|fcalvarez_15@gmail.com|3|1|false|2023-09-24|2023-09-24
kportega_21|kportega_21@gmail.com|3|1|false|2023-09-24|2023-09-24
alvidal_24|alvidal_24@gmail.com|3|1|false|2023-09-24|2023-09-24
kppena_35|kppena_35@gmail.com|3|1|false|2023-09-24|2023-09-24
rvvega_24|rvvega_24@gmail.com|3|1|false|2023-09-24|2023-09-24
lbacevedo_39|lbacevedo_39@gmail.com|3|1|false|2023-09-24|2023-09-24
facardenas_71|facardenas_71@gmail.com|3|1|false|2023-09-24|2023-09-24
mptapia_53|mptapia_53@gmail.com|3|1|false|2023-09-24|2023-09-24
cnvaldes_93|cnvaldes_93@gmail.com|3|1|false|2023-09-24|2023-09-24
frjimenez_13|frjimenez_13@gmail.com|3|1|false|2023-09-24|2023-09-24
vvmoreno_48|vvmoreno_48@gmail.com|3|1|false|2023-09-24|2023-09-24
oiperez_9|oiperez_9@gmail.com|3|1|false|2023-09-24|2023-09-24
avorellana_39|avorellana_39@gmail.com|3|1|false|2023-09-24|2023-09-24
aatapia_84|aatapia_84@gmail.com|3|1|false|2023-09-24|2023-09-24
gvvaldes_15|gvvaldes_15@gmail.com|3|1|false|2023-09-24|2023-09-24
nmflores_94|nmflores_94@gmail.com|3|1|false|2023-09-24|2023-09-24
adpalma_64|adpalma_64@gmail.com|3|1|false|2023-09-24|2023-09-24
gspizarro_7|gspizarro_7@gmail.com|3|1|false|2023-09-24|2023-09-24
xipalma_34|xipalma_34@gmail.com|3|1|false|2023-09-24|2023-09-24
blvargas_96|blvargas_96@gmail.com|3|1|false|2023-09-24|2023-09-24
blgodoy_13|blgodoy_13@gmail.com|3|1|false|2023-09-24|2023-09-24
gmgonzalez_27|gmgonzalez_27@gmail.com|3|1|false|2023-09-24|2023-09-24
imcardenas_8|imcardenas_8@gmail.com|3|1|false|2023-09-24|2023-09-24
ambravo_74|ambravo_74@gmail.com|3|1|false|2023-09-24|2023-09-24
dsorellana_74|dsorellana_74@gmail.com|3|1|false|2023-09-24|2023-09-24
mfsanchez_32|mfsanchez_32@gmail.com|3|1|false|2023-09-24|2023-09-24
plvega_96|plvega_96@gmail.com|3|1|false|2023-09-24|2023-09-24
mogonzalez_27|mogonzalez_27@gmail.com|3|1|false|2023-09-24|2023-09-24
ietapia_28|ietapia_28@gmail.com|3|1|false|2023-09-24|2023-09-24
amjara_32|amjara_32@gmail.com|3|1|false|2023-09-24|2023-09-24
jrparra_21|jrparra_21@gmail.com|3|1|false|2023-09-24|2023-09-24
gspizarro_3|gspizarro_3@gmail.com|3|1|false|2023-09-24|2023-09-24
ncvergara_75|ncvergara_75@gmail.com|3|1|false|2023-09-24|2023-09-24
gngarcia_92|gngarcia_92@gmail.com|3|1|false|2023-09-24|2023-09-24
svmunoz_84|svmunoz_84@gmail.com|3|1|false|2023-09-24|2023-09-24
lamiranda_35|lamiranda_35@gmail.com|3|1|false|2023-09-24|2023-09-24
mkcarrasco_9|mkcarrasco_9@gmail.com|3|1|false|2023-09-24|2023-09-24
bbleiva_94|bbleiva_94@gmail.com|3|1|false|2023-09-24|2023-09-24
gdortega_26|gdortega_26@gmail.com|3|1|false|2023-09-24|2023-09-24
jvgallardo_51|jvgallardo_51@gmail.com|3|1|false|2023-09-24|2023-09-24
gavalenzuela_80|gavalenzuela_80@gmail.com|3|1|false|2023-09-24|2023-09-24
baescobar_34|baescobar_34@gmail.com|3|1|false|2023-09-24|2023-09-24
lecampos_2|lecampos_2@gmail.com|3|1|false|2023-09-24|2023-09-24
ixcarrasco_92|ixcarrasco_92@gmail.com|3|1|false|2023-09-24|2023-09-24
pdzuniga_92|pdzuniga_92@gmail.com|3|1|false|2023-09-24|2023-09-24
bgcortes_49|bgcortes_49@gmail.com|3|1|false|2023-09-24|2023-09-24
mgvalenzuela_81|mgvalenzuela_81@gmail.com|3|1|false|2023-09-24|2023-09-24
layanez_75|layanez_75@gmail.com|3|1|false|2023-09-24|2023-09-24
ekvera_29|ekvera_29@gmail.com|3|1|false|2023-09-24|2023-09-24
jzjimenez_25|jzjimenez_25@gmail.com|3|1|false|2023-09-24|2023-09-24
svvega_61|svvega_61@gmail.com|3|1|false|2023-09-24|2023-09-24
kmlagos_9|kmlagos_9@gmail.com|3|1|false|2023-09-24|2023-09-24
cdaravena_96|cdaravena_96@gmail.com|3|1|false|2023-09-24|2023-09-24
kgmoreno_43|kgmoreno_43@gmail.com|3|1|false|2023-09-24|2023-09-24
adreyes_77|adreyes_77@gmail.com|3|1|false|2023-09-24|2023-09-24
vjpizarro_71|vjpizarro_71@gmail.com|3|1|false|2023-09-24|2023-09-24
ipbravo_30|ipbravo_30@gmail.com|3|1|false|2023-09-24|2023-09-24
iáromero_22|iáromero_22@gmail.com|3|1|false|2023-09-24|2023-09-24
aiespinoza_59|aiespinoza_59@gmail.com|3|1|false|2023-09-24|2023-09-24
rpsalazar_59|rpsalazar_59@gmail.com|3|1|false|2023-09-24|2023-09-24
latapia_13|latapia_13@gmail.com|3|1|false|2023-09-24|2023-09-24
lwcarrasco_4|lwcarrasco_4@gmail.com|3|1|false|2023-09-24|2023-09-24
cfpizarro_59|cfpizarro_59@gmail.com|3|1|false|2023-09-24|2023-09-24
jmlopez_86|jmlopez_86@gmail.com|3|1|false|2023-09-24|2023-09-24